barcode,st,n_reads,coverage,arcC,aroE,glpF,gmk,pta,tpi,yqiL,basecall_method,clonal_complex,MLST.CC,CC_filled,note,predicted_cc_is_correct,predicted_mlst_is_single
1,ND,1000,6.94,"",273*,"",169*,419*,"",314*,fast,,CC8,CC8,"Tested up to DLV, none found",,
1,ND,2000,41.07,90*,49*,42*,169*,419*,270*,879*,fast,,CC8,CC8,"Tested up to DLV, none found",,
1,ND,3000,47.47,3*,49*,42*,1*,25*,270*,879*,fast,,CC8,CC8,"Tested up to DLV, none found",,
1,ND,4000,57.81,3*,49*,42*,1*,25*,813*,879*,fast,,CC8,CC8,"Tested up to DLV, none found",,
1,ND,5000,60.45,3*,306*,42*,1*,25*,813*,53*,fast,,CC8,CC8,"Tested up to DLV, none found",,
1,ND,6000,60.52,3*,306*,42*,1*,25*,813*,53*,fast,,CC8,CC8,"Tested up to DLV, none found",,
1,ND,7000,60.9,3*,306*,42*,1*,25*,813*,53*,fast,,CC8,CC8,"Tested up to DLV, none found",,
1,ND,8000,62.35,3,539*,42*,1*,25*,813*,3*,fast,,CC8,CC8,"Tested up to DLV, none found",,
1,ND,9000,63.48,3,539*,42*,1*,25*,813*,3*,fast,,CC8,CC8,"Tested up to DLV, none found",,
1,ND,10000,64.03,3,49*,42*,1*,25*,813*,3,fast,,CC8,CC8,"Tested up to DLV, none found",,
1,ND,1000,0.51,"",663*,"","",254*,329*,314*,hac,,CC8,CC8,"Tested up to DLV, none found",,
1,ND,2000,41.32,3*,683*,166*,"",372*,270*,3*,hac,,CC8,CC8,"Tested up to DLV, none found",,
1,ND,3000,51.92,3*,683*,166*,1*,372*,270*,3*,hac,,CC8,CC8,"Tested up to DLV, none found",,
1,ND,4000,63.29,3*,683*,166*,1*,372*,855*,3*,hac,,CC8,CC8,"Tested up to DLV, none found",,
1,ND,5000,64.55,3*,683*,166*,1*,372*,855*,3*,hac,,CC8,CC8,"Tested up to DLV, none found",,
1,ND,6000,64.94,3,683*,166*,1*,372*,855*,3*,hac,,CC8,CC8,"Tested up to DLV, none found",,
1,ND,7000,65.13,3,349*,166*,1*,372*,855*,3*,hac,,CC8,CC8,"Tested up to DLV, none found",,
1,ND,8000,66.26,3,349*,166*,1*,372*,4*,3,hac,,CC8,CC8,"Tested up to DLV, none found",,
1,ND,9000,66.16,3,683*,166*,1*,372*,4*,3,hac,,CC8,CC8,"Tested up to DLV, none found",,
1,ND,10000,69.74,3,87*,166*,1*,372*,4*,3,hac,,CC8,CC8,"Tested up to DLV, none found",,
1,ND,1000,9.44,"",273*,"",368*,254*,385*,314*,sup,,CC8,CC8,"Tested up to DLV, none found",,
1,ND,2000,37.22,3,49*,166*,368*,254*,385*,314*,sup,,CC8,CC8,"Tested up to DLV, none found",,
1,ND,3000,57.4,3,871*,166*,1*,444*,385*,3*,sup,,CC8,CC8,"Tested up to DLV, none found",,
1,ND,4000,68.99,3,871*,166*,1*,25*,855*,3*,sup,,CC8,CC8,"Tested up to DLV, none found",,
1,ND,5000,69.8,3,871*,166*,1*,874*,855*,53,sup,,CC8,CC8,"Tested up to DLV, none found",,
1,ND,6000,69.84,3,871*,166*,1*,874*,855*,53,sup,,CC8,CC8,"Tested up to DLV, none found",,
1,ND,7000,69.84,3,49*,166*,1*,874*,855*,53,sup,,CC8,CC8,"Tested up to DLV, none found",,
1,ND,8000,69.84,3,49*,166*,1*,94*,855*,3,sup,,CC8,CC8,"Tested up to DLV, none found",,
1,ND,9000,70.03,3,49*,166*,1*,94*,855*,3,sup,,CC8,CC8,"Tested up to DLV, none found",,
1,ND,10000,84.34,3,49*,166*,1,4*,855*,3,sup,CC8,CC8,CC8,taken from DLV with 1 STs,TRUE,TRUE
10,ND,1000,25.25,12*,868*,"","",891*,"",896*,fast,,CC6,CC6,"Tested up to DLV, none found",,
10,ND,2000,35.54,12*,868*,"","",184*,374*,896*,fast,,CC6,CC6,"Tested up to DLV, none found",,
10,ND,3000,52.75,12*,868*,"","",592*,549*,896*,fast,,CC6,CC6,"Tested up to DLV, none found",,
10,ND,4000,64.47,12*,868*,"",669*,592*,549*,896*,fast,,CC6,CC6,"Tested up to DLV, none found",,
10,ND,5000,65.86,12*,868*,"",669*,12*,549*,896*,fast,,CC6,CC6,"Tested up to DLV, none found",,
10,ND,6000,65.86,12*,868*,"",669*,12*,549*,896*,fast,,CC6,CC6,"Tested up to DLV, none found",,
10,ND,7000,69.06,12*,868*,"",669*,12*,1*,896*,fast,,CC6,CC6,"Tested up to DLV, none found",,
10,ND,8000,69.22,12*,868*,"",669*,12,1*,896*,fast,,CC6,CC6,"Tested up to DLV, none found",,
10,ND,9000,69.93,12*,840*,"",4*,12,1*,896*,fast,,CC6,CC6,"Tested up to DLV, none found",,
10,ND,10000,81.26,12*,825*,"",4*,12,1,896*,fast,,CC6,CC6,"Tested up to DLV, none found",,
10,ND,1000,28.36,12*,868*,"","",891*,290*,896*,hac,,CC6,CC6,"Tested up to DLV, none found",,
10,ND,2000,37.86,12*,303*,"","",22*,278*,896,hac,,CC6,CC6,"Tested up to DLV, none found",,
10,ND,3000,56.76,12,303*,"","",633*,549*,896,hac,,CC6,CC6,"Tested up to DLV, none found",,
10,ND,4000,73.28,12,303*,208*,4*,633*,549*,3,hac,,CC6,CC6,"Tested up to DLV, none found",,
10,ND,5000,73.86,12,303*,208*,4*,12,549*,3,hac,CC5,CC6,CC6,taken from DLV with 1 STs,FALSE,TRUE
10,ND,6000,74.19,12,303*,201*,4*,12,549*,3,hac,CC5,CC6,CC6,taken from DLV with 1 STs,FALSE,TRUE
10,ND,7000,75.38,12,303*,201*,4*,12,1,3,hac,CC5,CC6,CC6,taken from DLV with 54 STs,FALSE,TRUE
10,ND,8000,75.64,12,303*,201*,4*,12,1,3,hac,CC5,CC6,CC6,taken from DLV with 54 STs,FALSE,TRUE
10,ND,9000,75.7,12,303*,201*,4*,12,1,3,hac,CC5,CC6,CC6,taken from DLV with 54 STs,FALSE,TRUE
10,ND,10000,87.49,12,1142*,201*,4*,12,1,3,hac,CC5,CC6,CC6,taken from DLV with 54 STs,FALSE,TRUE
10,ND,1000,15.31,"",295*,"","","","",896,sup,,CC6,CC6,"Tested up to DLV, none found",,
10,ND,2000,38.94,12,683*,"","",455*,23*,896,sup,,CC6,CC6,"Tested up to DLV, none found",,
10,ND,3000,50.98,12,666*,"","",455*,1*,896,sup,,CC6,CC6,"Tested up to DLV, none found",,
10,ND,4000,63.79,12,539*,"",461*,455*,1*,3,sup,,CC6,CC6,"Tested up to DLV, none found",,
10,ND,5000,69.8,12,129*,"",461*,12*,1*,3,sup,,CC6,CC6,"Tested up to DLV, none found",,
10,ND,6000,70.48,12,129*,"",461*,12,1*,3,sup,,CC6,CC6,"Tested up to DLV, none found",,
10,ND,7000,71.93,12,539*,"",4*,12,1,3,sup,CC5,CC6,CC6,taken from DLV with 54 STs,FALSE,TRUE
10,ND,8000,72.32,12,129*,"",4,12,1,3,sup,CC5,CC6,CC6,taken from DLV with 54 STs,FALSE,TRUE
10,ND,9000,78.09,12,129*,537*,4,12,1,3,sup,CC5,CC6,CC6,taken from DLV with 54 STs,FALSE,TRUE
10,ND,10000,78.05,12,539*,537*,4,12,1,3,sup,CC5,CC6,CC6,taken from DLV with 54 STs,FALSE,TRUE
17,762,9000,99.77,1*,1,104,1,1,1,1,hac,CC1,CC1,CC1,"",TRUE,TRUE
17,762,10000,99.77,1*,1,104,1,1,1,1,hac,CC1,CC1,CC1,"",TRUE,TRUE
17,ND,1000,15,442*,435*,"","",44*,512*,1051*,fast,,CC1,CC1,"Tested up to DLV, none found",,
17,ND,2000,53.01,484*,435*,2*,493*,660*,512*,638*,fast,,CC1,CC1,"Tested up to DLV, none found",,
17,ND,3000,62.35,484*,435*,2*,493*,660*,285*,1*,fast,,CC1,CC1,"Tested up to DLV, none found",,
17,ND,4000,89.86,484*,164*,104*,493*,660*,285*,1*,fast,,CC1,CC1,"Tested up to DLV, none found",,
17,ND,5000,89.86,484*,164*,104*,493*,660*,285*,1*,fast,,CC1,CC1,"Tested up to DLV, none found",,
17,ND,6000,93.11,484*,164*,104*,493*,660*,285*,1*,fast,,CC1,CC1,"Tested up to DLV, none found",,
17,ND,7000,93.11,484*,164*,104*,493*,660*,285*,1*,fast,,CC1,CC1,"Tested up to DLV, none found",,
17,ND,8000,93.43,484*,164*,104*,493*,660*,1,1*,fast,,CC1,CC1,"Tested up to DLV, none found",,
17,ND,9000,97.81,484*,164,104*,493*,1*,1,1,fast,,CC1,CC1,"Tested up to DLV, none found",,
17,ND,10000,98.81,484*,164,104*,1,1,1,1,fast,CC1,CC1,CC1,taken from DLV with 2 STs,TRUE,TRUE
17,ND,1000,14.8,15*,1013*,"","",44*,512*,143*,hac,,CC1,CC1,"Tested up to DLV, none found",,
17,ND,2000,66.45,1*,1013*,2*,543*,660*,285*,1*,hac,,CC1,CC1,"Tested up to DLV, none found",,
17,ND,3000,74.7,1*,1013*,104*,1,660*,285*,1*,hac,,CC1,CC1,"Tested up to DLV, none found",,
17,ND,4000,96.07,1*,1081*,104*,1,660*,285*,1,hac,,CC1,CC1,"Tested up to DLV, none found",,
17,ND,5000,96.07,1*,1081*,104*,1,660*,285*,1,hac,,CC1,CC1,"Tested up to DLV, none found",,
17,ND,6000,97.17,1*,1081*,104*,1,660*,285,1,hac,,CC1,CC1,"Tested up to DLV, none found",,
17,ND,7000,97.17,1*,1081*,104*,1,660*,285,1,hac,,CC1,CC1,"Tested up to DLV, none found",,
17,ND,8000,97.17,1*,1081*,104*,1,660*,1,1,hac,,CC1,CC1,"Tested up to DLV, none found",,
17,ND,1000,39.79,933*,168*,"",1*,"",512*,1089*,sup,,CC1,CC1,"Tested up to DLV, none found",,
17,ND,2000,66.93,933*,636*,2*,1,660*,644*,1089*,sup,,CC1,CC1,"Tested up to DLV, none found",,
17,ND,3000,80.2,933*,1*,2*,1,660*,644*,1,sup,,CC1,CC1,"Tested up to DLV, none found",,
17,ND,4000,95.98,933*,1,104,1,660*,644*,1,sup,,CC1,CC1,"Tested up to DLV, none found",,
17,ND,5000,96.39,933*,1,104,1,660*,1,1,sup,,CC1,CC1,"Tested up to DLV, none found",,
17,ND,6000,96.39,933*,1,104,1,660*,1,1,sup,,CC1,CC1,"Tested up to DLV, none found",,
17,ND,7000,96.39,933*,657,104,1,660*,1,1,sup,,CC1,CC1,"Tested up to DLV, none found",,
17,ND,8000,96.39,933*,657,104,1,660*,1,1,sup,,CC1,CC1,"Tested up to DLV, none found",,
17,ND,9000,98.65,933*,657,104,1,1,1,1,sup,CC1,CC1,CC1,taken from DLV with 1 STs,TRUE,TRUE
17,ND,10000,98.65,933*,1,104,1,1,1,1,sup,CC1,CC1,CC1,taken from DLV with 1 STs,TRUE,TRUE
18,ND,1000,0.21,"",295*,"","","",290*,"",fast,,CC72,CC72,"Tested up to DLV, none found",,
18,ND,2000,25.22,833*,87*,"","",5*,402*,3*,fast,,CC72,CC72,"Tested up to DLV, none found",,
18,ND,3000,26.05,833*,792*,"",62*,5*,402*,11*,fast,,CC72,CC72,"Tested up to DLV, none found",,
18,ND,4000,26.38,166*,87*,"",62*,193*,402*,11*,fast,,CC72,CC72,"Tested up to DLV, none found",,
18,ND,5000,48.04,286*,1146*,"",62*,193*,402*,11*,fast,,CC72,CC72,"Tested up to DLV, none found",,
18,ND,6000,59.73,286*,1146*,"",62*,537*,402*,11*,fast,,CC72,CC72,"Tested up to DLV, none found",,
18,ND,7000,62.37,286*,1146*,"",62*,27*,402*,11*,fast,,CC72,CC72,"Tested up to DLV, none found",,
18,ND,8000,65.76,286*,1146*,"",62*,4*,345*,11*,fast,,CC72,CC72,"Tested up to DLV, none found",,
18,ND,9000,66.92,286*,1146*,"",62*,4*,4,3,fast,,CC72,CC72,"Tested up to DLV, none found",,
18,ND,10000,77.63,286*,1146*,1018*,62*,4*,4,3,fast,,CC72,CC72,"Tested up to DLV, none found",,
18,ND,1000,0.46,"",87*,"","",294*,290*,"",hac,,CC72,CC72,"Tested up to DLV, none found",,
18,ND,2000,27.38,"",87*,"",62*,294*,4*,3*,hac,,CC72,CC72,"Tested up to DLV, none found",,
18,ND,3000,27.44,"",87*,"",62*,294*,4*,3*,hac,,CC72,CC72,"Tested up to DLV, none found",,
18,ND,4000,27.47,"",87*,"",62*,294*,4*,3*,hac,,CC72,CC72,"Tested up to DLV, none found",,
18,ND,5000,58.47,286*,4*,"",62*,691*,4*,3*,hac,,CC72,CC72,"Tested up to DLV, none found",,
18,ND,6000,65.99,286*,4*,"",62*,748*,107*,3*,hac,,CC72,CC72,"Tested up to DLV, none found",,
18,ND,7000,67.57,286*,4*,"",62*,27*,107*,3*,hac,,CC72,CC72,"Tested up to DLV, none found",,
18,ND,8000,70.09,286*,4,"",62*,4,4*,3*,hac,,CC72,CC72,"Tested up to DLV, none found",,
18,ND,9000,70.25,286*,4,"",62*,4,4,3*,hac,,CC72,CC72,"Tested up to DLV, none found",,
18,ND,10000,89.56,286*,4,537*,280*,4,4,3,hac,,CC72,CC72,"Tested up to DLV, none found",,
18,ND,1000,0.38,"",105*,"","","",99*,"",sup,,CC72,CC72,"Tested up to DLV, none found",,
18,ND,2000,27.68,"",67*,"","",94*,4*,3*,sup,,CC72,CC72,"Tested up to DLV, none found",,
18,ND,3000,27.78,"",67*,"","",233*,4*,3*,sup,,CC72,CC72,"Tested up to DLV, none found",,
18,ND,4000,41.41,"",1142*,"","",233*,4*,3*,sup,,CC72,CC72,"Tested up to DLV, none found",,
18,ND,5000,67.52,286*,1142*,"","",27*,4*,3*,sup,,CC72,CC72,"Tested up to DLV, none found",,
18,ND,6000,67.52,286*,1142*,"","",27*,4*,3*,sup,,CC72,CC72,"Tested up to DLV, none found",,
18,ND,7000,79.04,286*,1142*,70*,"",27*,4*,3,sup,,CC72,CC72,"Tested up to DLV, none found",,
18,ND,8000,81.44,286*,4,70*,61*,4,4*,3,sup,,CC72,CC72,"Tested up to DLV, none found",,
18,ND,9000,81.53,286*,4,70*,61*,4,4,3,sup,,CC72,CC72,"Tested up to DLV, none found",,
18,ND,10000,92.02,286*,4,1018*,580*,4,4,3,sup,,CC72,CC72,"Tested up to DLV, none found",,
2,ND,1000,10.11,"",349*,"",369*,790*,"","",fast,,CC121,CC121,"Tested up to DLV, none found",,
2,ND,2000,31.38,185*,349*,"",369*,790*,199*,479*,fast,,CC121,CC121,"Tested up to DLV, none found",,
2,ND,3000,41.29,271*,214*,"",369*,518*,199*,5*,fast,,CC121,CC121,"Tested up to DLV, none found",,
2,ND,4000,49.05,905*,745*,"",369*,518*,199*,5*,fast,,CC121,CC121,"Tested up to DLV, none found",,
2,ND,5000,54.32,905*,214*,"",2*,518*,199*,5*,fast,,CC121,CC121,"Tested up to DLV, none found",,
2,ND,6000,54.32,905*,214*,"",2*,637*,199*,5*,fast,,CC121,CC121,"Tested up to DLV, none found",,
2,ND,7000,58.01,905*,214*,"",2*,637*,199*,5*,fast,,CC121,CC121,"Tested up to DLV, none found",,
2,ND,8000,64.83,905*,214*,"",2*,554*,199*,5*,fast,,CC121,CC121,"Tested up to DLV, none found",,
2,ND,9000,65.89,905*,214*,"",2*,554*,14*,5*,fast,,CC121,CC121,"Tested up to DLV, none found",,
2,ND,10000,69.39,905*,214*,"",2*,554*,14*,5,fast,,CC121,CC121,"Tested up to DLV, none found",,
2,ND,1000,11.03,"",350*,"",446*,743*,"",497*,hac,,CC121,CC121,"Tested up to DLV, none found",,
2,ND,2000,35.6,"",294*,"",446*,743*,14*,959*,hac,,CC121,CC121,"Tested up to DLV, none found",,
2,ND,3000,44.36,325*,871*,"",446*,592*,14*,5*,hac,,CC121,CC121,"Tested up to DLV, none found",,
2,ND,4000,55.85,969*,469*,"",446*,592*,14*,5*,hac,,CC121,CC121,"Tested up to DLV, none found",,
2,ND,5000,58.21,969*,762*,"",2*,592*,14*,5*,hac,,CC121,CC121,"Tested up to DLV, none found",,
2,ND,6000,58.31,969*,762*,"",2*,592*,14*,5*,hac,,CC121,CC121,"Tested up to DLV, none found",,
2,ND,7000,66.21,6*,762*,"",2*,554*,14*,5*,hac,,CC121,CC121,"Tested up to DLV, none found",,
2,ND,8000,66.73,6*,762*,"",2,554*,14,5*,hac,,CC121,CC121,"Tested up to DLV, none found",,
2,ND,9000,69.73,6*,762*,"",2,554*,14,5*,hac,,CC121,CC121,"Tested up to DLV, none found",,
2,ND,10000,81.29,6*,688*,"",2,554*,14,5,hac,,CC121,CC121,"Tested up to DLV, none found",,
2,ND,1000,13.27,"",629*,"",2*,44*,"","",sup,,CC121,CC121,"Tested up to DLV, none found",,
2,ND,2000,38.85,"",629*,"",2*,294*,14*,5,sup,,CC121,CC121,"Tested up to DLV, none found",,
2,ND,3000,42.15,"",629*,"",2*,44*,14*,5,sup,,CC121,CC121,"Tested up to DLV, none found",,
2,ND,4000,58.82,969*,283*,"",2*,201*,14*,5,sup,,CC121,CC121,"Tested up to DLV, none found",,
2,ND,5000,59.47,969*,306*,"",2,201*,14*,5,sup,,CC121,CC121,"Tested up to DLV, none found",,
2,ND,6000,59.56,969*,306*,"",2,201*,14*,5,sup,,CC121,CC121,"Tested up to DLV, none found",,
2,ND,7000,61.73,6,306*,"",2,201*,14*,5,sup,,CC121,CC121,"Tested up to DLV, none found",,
2,ND,8000,68.83,6,306*,"",2,471*,14*,5,sup,,CC121,CC121,"Tested up to DLV, none found",,
2,ND,9000,69.12,6,1001*,"",2,471*,14,5,sup,,CC121,CC121,"Tested up to DLV, none found",,
2,ND,10000,71.51,6,306*,"",2,922*,14,5,sup,,CC121,CC121,"Tested up to DLV, none found",,
25,ND,1000,23.27,442*,736*,"",119*,"","",679*,fast,,CC8,CC8,"Tested up to DLV, none found",,
25,ND,2000,57.39,442*,76*,"",119*,4*,226*,3,fast,,CC8,CC8,"Tested up to DLV, none found",,
25,ND,3000,69.22,162*,340*,"",119*,4*,226*,3,fast,,CC8,CC8,"Tested up to DLV, none found",,
25,ND,4000,73.52,162*,340*,"",119*,4*,226*,3,fast,,CC8,CC8,"Tested up to DLV, none found",,
25,ND,5000,73.52,162*,340*,"",119*,4*,226*,3,fast,,CC8,CC8,"Tested up to DLV, none found",,
25,ND,6000,86.17,162*,340*,478*,260*,4*,226*,3,fast,,CC8,CC8,"Tested up to DLV, none found",,
25,ND,7000,90.23,162*,340*,478*,260*,4*,4*,3,fast,,CC8,CC8,"Tested up to DLV, none found",,
25,ND,8000,91.7,551,340*,478*,260*,4*,4*,3,fast,,CC8,CC8,"Tested up to DLV, none found",,
25,ND,9000,95.14,551,340*,60*,174*,4*,4*,3,fast,,CC8,CC8,"Tested up to DLV, none found",,
25,ND,10000,95.33,551,340*,60*,174*,4,4*,3,fast,,CC8,CC8,"Tested up to DLV, none found",,
25,ND,1000,25.64,"",50*,"",150*,25*,"",3*,hac,,CC8,CC8,"Tested up to DLV, none found",,
25,ND,2000,62.15,"",3*,"",150*,297*,4*,3*,hac,CC8,CC8,CC8,taken from DLV with 1 STs,TRUE,TRUE
25,ND,3000,74.45,2*,3,"",150*,297*,4*,3*,hac,CC8,CC8,CC8,taken from DLV with 1 STs,TRUE,TRUE
25,ND,4000,77.19,2*,3,"",150*,4*,4*,3*,hac,CC8,CC8,CC8,taken from DLV with 65 STs,TRUE,TRUE
25,ND,5000,77.19,2*,3,"",150*,4*,4*,3*,hac,CC8,CC8,CC8,taken from DLV with 65 STs,TRUE,TRUE
25,ND,6000,90.4,2*,3,537*,150*,4*,4*,3,hac,CC8,CC8,CC8,taken from DLV with 65 STs,TRUE,TRUE
25,ND,7000,93.36,2*,3,537*,150*,4*,4*,3,hac,CC8,CC8,CC8,taken from DLV with 65 STs,TRUE,TRUE
25,ND,8000,97.39,2,3,537*,1*,4*,4*,3,hac,CC8,CC8,CC8,taken from DLV with 87 STs,TRUE,TRUE
25,ND,9000,97.39,2,3,537*,1*,4*,4*,3,hac,CC8,CC8,CC8,taken from DLV with 87 STs,TRUE,TRUE
25,ND,10000,97.42,2,3,537*,1*,4,4*,3,hac,CC8,CC8,CC8,taken from DLV with 87 STs,TRUE,TRUE
25,ND,1000,38.96,"",818*,171*,123*,297*,"",3,sup,,CC8,CC8,"Tested up to DLV, none found",,
25,ND,2000,65.74,"",340*,171*,123*,297*,4*,3,sup,,CC8,CC8,"Tested up to DLV, none found",,
25,ND,3000,78.53,2*,340*,171*,123*,297*,4*,3,sup,,CC8,CC8,"Tested up to DLV, none found",,
25,ND,4000,80.84,2*,340*,171*,123*,4,4*,3,sup,,CC8,CC8,"Tested up to DLV, none found",,
25,ND,5000,80.84,2*,340*,171*,123*,4,4*,3,sup,,CC8,CC8,"Tested up to DLV, none found",,
25,ND,6000,94.04,2*,340*,180*,123*,4,4,3,sup,,CC8,CC8,"Tested up to DLV, none found",,
25,ND,7000,94.88,2*,340*,180*,123*,4,4,3,sup,,CC8,CC8,"Tested up to DLV, none found",,
25,ND,8000,98.36,2,340*,180*,1,4,4,3,sup,CC8,CC8,CC8,taken from DLV with 65 STs,TRUE,TRUE
25,ND,9000,98.36,2,340*,180*,1,4,4,3,sup,CC8,CC8,CC8,taken from DLV with 65 STs,TRUE,TRUE
25,ND,10000,98.36,2,340*,180*,1,4,4,3,sup,CC8,CC8,CC8,taken from DLV with 65 STs,TRUE,TRUE
26,ND,1000,18.61,271*,306*,228*,2*,294*,23*,"",fast,,CC121,CC121,"Tested up to DLV, none found",,
26,ND,2000,37.02,442*,127*,527*,2*,294*,23*,85*,fast,,CC121,CC121,"Tested up to DLV, none found",,
26,ND,3000,37.08,442*,127*,527*,2*,44*,23*,85*,fast,,CC121,CC121,"Tested up to DLV, none found",,
26,ND,4000,55.12,442*,5*,527*,2*,174*,118*,85*,fast,,CC121,CC121,"Tested up to DLV, none found",,
26,ND,5000,60.04,442*,5*,527*,2*,901*,566*,5*,fast,,CC121,CC121,"Tested up to DLV, none found",,
26,ND,6000,60.2,442*,5*,527*,2*,901*,229*,5*,fast,,CC121,CC121,"Tested up to DLV, none found",,
26,ND,7000,62.13,442*,5*,527*,2*,7*,229*,5,fast,,CC121,CC121,"Tested up to DLV, none found",,
26,ND,8000,76.13,442*,5*,527*,360*,7,14,5,fast,,CC121,CC121,"Tested up to DLV, none found",,
26,ND,9000,76.19,442*,5*,527*,360*,7,14,5,fast,,CC121,CC121,"Tested up to DLV, none found",,
26,ND,10000,86.08,970*,5*,527*,360*,7,14,5,fast,,CC121,CC121,"Tested up to DLV, none found",,
26,ND,1000,21.15,906*,"",213*,612*,"",170*,"",hac,,CC121,CC121,"Tested up to DLV, none found",,
26,ND,2000,27.38,155*,49*,6*,612*,"",170*,"",hac,,CC121,CC121,"Tested up to DLV, none found",,
26,ND,3000,61.22,155*,5*,6*,612*,696*,2*,5*,hac,,CC121,CC121,"Tested up to DLV, none found",,
26,ND,4000,61.29,155*,5*,6*,612*,696*,2*,5*,hac,,CC121,CC121,"Tested up to DLV, none found",,
26,ND,5000,66.69,155*,1103*,6,612*,901*,62*,5,hac,,CC121,CC121,"Tested up to DLV, none found",,
26,ND,6000,66.69,155*,1103*,6,612*,901*,62*,5,hac,,CC121,CC121,"Tested up to DLV, none found",,
26,ND,7000,72.53,195*,1103*,6,612*,7,385*,5,hac,,CC121,CC121,"Tested up to DLV, none found",,
26,ND,8000,86.18,195*,5*,6,2*,7,14,5,hac,CC121,CC121,CC121,taken from DLV with 44 STs,TRUE,TRUE
26,ND,9000,86.24,195*,5*,6,2*,7,14,5,hac,CC121,CC121,CC121,taken from DLV with 44 STs,TRUE,TRUE
26,ND,10000,95.46,970*,1103*,6,2,7,14,5,hac,CC121,CC121,CC121,taken from DLV with 44 STs,TRUE,TRUE
26,ND,1000,21.01,"",6*,213*,369*,422*,"","",sup,,CC121,CC121,"Tested up to DLV, none found",,
26,ND,2000,26.08,61*,49*,508*,369*,422*,23*,314*,sup,,CC121,CC121,"Tested up to DLV, none found",,
26,ND,3000,51.45,61*,5*,508*,369*,422*,23*,5*,sup,,CC121,CC121,"Tested up to DLV, none found",,
26,ND,4000,63.99,61*,5*,508*,369*,7*,23*,5*,sup,,CC121,CC121,"Tested up to DLV, none found",,
26,ND,5000,67.42,61*,5*,6*,369*,7*,62*,5,sup,,CC121,CC121,"Tested up to DLV, none found",,
26,ND,6000,67.42,61*,5*,6*,369*,7*,62*,5,sup,,CC121,CC121,"Tested up to DLV, none found",,
26,ND,7000,74.3,195*,5*,6*,369*,7*,273*,5,sup,,CC121,CC121,"Tested up to DLV, none found",,
26,ND,8000,86.47,195*,5*,6*,369*,7,14,5,sup,,CC121,CC121,"Tested up to DLV, none found",,
26,ND,9000,88.18,195*,5*,6*,2,7,14,5,sup,CC121,CC121,CC121,taken from DLV with 44 STs,TRUE,TRUE
26,ND,10000,88.21,195*,5*,6*,2,7,14,5,sup,CC121,CC121,CC121,taken from DLV with 44 STs,TRUE,TRUE
33,ND,1000,31.8,140*,393*,"",210*,868*,55*,514*,fast,,CC93,CC93,"Tested up to DLV, none found",,
33,ND,2000,49.17,140*,393*,"",210*,43*,55*,514*,fast,,CC93,CC93,"Tested up to DLV, none found",,
33,ND,3000,59.82,140*,393*,"",616*,43*,55*,51*,fast,,CC93,CC93,"Tested up to DLV, none found",,
33,ND,4000,76.63,140*,393*,44*,616*,43*,55*,51*,fast,,CC93,CC93,"Tested up to DLV, none found",,
33,ND,5000,77.59,140*,393*,44*,616*,43*,55*,51*,fast,,CC93,CC93,"Tested up to DLV, none found",,
33,ND,6000,77.59,140*,393*,44*,616*,43*,55*,51*,fast,,CC93,CC93,"Tested up to DLV, none found",,
33,ND,7000,77.62,140*,393*,44*,616*,43*,55*,51*,fast,,CC93,CC93,"Tested up to DLV, none found",,
33,ND,8000,77.62,140*,393*,44*,616*,43*,55*,51*,fast,,CC93,CC93,"Tested up to DLV, none found",,
33,ND,9000,77.62,140*,393*,44*,616*,43*,55*,51*,fast,,CC93,CC93,"Tested up to DLV, none found",,
33,ND,10000,77.62,140*,393*,44*,616*,43*,55*,51*,fast,,CC93,CC93,"Tested up to DLV, none found",,
33,ND,1000,33.48,22*,87*,548*,47*,113*,55*,"",hac,,CC93,CC93,"Tested up to DLV, none found",,
33,ND,2000,62.91,969*,87*,44*,47*,43*,55,51*,hac,,CC93,CC93,"Tested up to DLV, none found",,
33,ND,3000,91.53,969*,64*,44*,2*,43*,55,51*,hac,CC93,CC93,CC93,taken from DLV with 8 STs,TRUE,TRUE
33,ND,4000,91.53,969*,64*,44*,2*,43*,55,51*,hac,CC93,CC93,CC93,taken from DLV with 8 STs,TRUE,TRUE
33,ND,5000,91.53,969*,64*,44*,2*,43*,55,51*,hac,CC93,CC93,CC93,taken from DLV with 8 STs,TRUE,TRUE
33,ND,6000,92.27,969*,64*,44*,616*,43*,55,51*,hac,,CC93,CC93,"Tested up to DLV, none found",,
33,ND,7000,92.47,969*,64*,44*,616*,43*,55,51*,hac,,CC93,CC93,"Tested up to DLV, none found",,
33,ND,8000,92.47,969*,64*,44*,616*,43*,55,51*,hac,,CC93,CC93,"Tested up to DLV, none found",,
33,ND,9000,92.47,969*,64*,44*,616*,43*,55,51*,hac,,CC93,CC93,"Tested up to DLV, none found",,
33,ND,10000,92.47,969*,64*,44*,616*,43*,55,51*,hac,,CC93,CC93,"Tested up to DLV, none found",,
33,ND,1000,47.41,22*,87*,"",298*,1*,55*,"",sup,,CC93,CC93,"Tested up to DLV, none found",,
33,ND,2000,58,22*,87*,44*,298*,43*,55,"",sup,,CC93,CC93,"Tested up to DLV, none found",,
33,ND,3000,71.64,22*,168*,44*,298*,43*,55,51*,sup,,CC93,CC93,"Tested up to DLV, none found",,
33,ND,4000,73.06,6*,168*,44*,298*,43*,55,51*,sup,,CC93,CC93,"Tested up to DLV, none found",,
33,ND,5000,82.49,6*,373*,44*,616,43*,55,51*,sup,,CC93,CC93,"Tested up to DLV, none found",,
33,ND,6000,82.55,6*,168*,44*,616,43*,55,51*,sup,,CC93,CC93,"Tested up to DLV, none found",,
33,ND,7000,82.55,6*,168*,44*,616,43*,55,51*,sup,,CC93,CC93,"Tested up to DLV, none found",,
33,ND,8000,82.55,6*,168*,44*,616,43*,55,51*,sup,,CC93,CC93,"Tested up to DLV, none found",,
33,ND,9000,82.55,6*,168*,44*,616,43*,55,51*,sup,,CC93,CC93,"Tested up to DLV, none found",,
33,ND,10000,82.55,6*,168*,44*,616,43*,55,51*,sup,,CC93,CC93,"Tested up to DLV, none found",,
34,ND,1000,36.33,301*,736*,750*,338*,44*,512*,"",fast,,CC8,CC8,"Tested up to DLV, none found",,
34,ND,2000,39.36,302*,168*,750*,338*,44*,512*,"",fast,,CC8,CC8,"Tested up to DLV, none found",,
34,ND,3000,51.57,302*,168*,750*,338*,537*,291*,"",fast,,CC8,CC8,"Tested up to DLV, none found",,
34,ND,4000,51.67,302*,50*,750*,338*,537*,291*,"",fast,,CC8,CC8,"Tested up to DLV, none found",,
34,ND,5000,51.9,302*,718*,750*,338*,537*,291*,"",fast,,CC8,CC8,"Tested up to DLV, none found",,
34,ND,6000,53.28,302*,319*,750*,1*,537*,291*,"",fast,,CC8,CC8,"Tested up to DLV, none found",,
34,ND,7000,73.83,302*,265*,750*,1*,537*,291*,507*,fast,,CC8,CC8,"Tested up to DLV, none found",,
34,ND,8000,75.32,302*,265*,1*,1*,537*,291*,507*,fast,,CC8,CC8,"Tested up to DLV, none found",,
34,ND,9000,77.03,3*,265*,1*,1*,4,291*,507*,fast,CC8,CC8,CC8,taken from DLV with 1 STs,TRUE,TRUE
34,ND,10000,85.51,3,265*,1*,1*,4,385*,507*,fast,CC8,CC8,CC8,taken from DLV with 1 STs,TRUE,TRUE
34,ND,1000,27.72,543,85*,750*,"",500*,"","",hac,,CC8,CC8,"Tested up to DLV, none found",,
34,ND,2000,27.81,543,85*,750*,"",500*,"","",hac,,CC8,CC8,"Tested up to DLV, none found",,
34,ND,3000,42.94,543,85*,750*,"",139*,670*,"",hac,,CC8,CC8,"Tested up to DLV, none found",,
34,ND,4000,43.78,543,85*,750*,"",139*,670*,"",hac,,CC8,CC8,"Tested up to DLV, none found",,
34,ND,5000,52.04,543,85*,750*,663*,139*,57*,296*,hac,,CC8,CC8,"Tested up to DLV, none found",,
34,ND,6000,56.94,543,49*,750*,663*,4*,57*,72*,hac,,CC8,CC8,"Tested up to DLV, none found",,
34,ND,7000,67.56,543,612*,750,663*,4*,57*,72*,hac,,CC8,CC8,"Tested up to DLV, none found",,
34,ND,8000,67.59,543,612*,1,663*,4*,57*,72*,hac,,CC8,CC8,"Tested up to DLV, none found",,
34,ND,9000,68.06,543,612*,1,663*,4,349*,72*,hac,,CC8,CC8,"Tested up to DLV, none found",,
34,ND,10000,79.27,3,612*,1,663*,4,4*,72*,hac,,CC8,CC8,"Tested up to DLV, none found",,
34,ND,1000,42.74,3,85*,750*,1,285*,17*,"",sup,,CC8,CC8,"Tested up to DLV, none found",,
34,ND,2000,58.1,3,129*,750*,1,4,630*,"",sup,,CC8,CC8,"Tested up to DLV, none found",,
34,ND,3000,58.13,3,129*,750*,1,4,630*,"",sup,,CC8,CC8,"Tested up to DLV, none found",,
34,ND,4000,58.82,3,129*,750,1,4,630*,"",sup,,CC8,CC8,"Tested up to DLV, none found",,
34,ND,5000,57.57,3,129*,750,1,4,255*,296*,sup,,CC8,CC8,"Tested up to DLV, none found",,
34,ND,6000,57.78,3,129*,750,1,4,290*,296*,sup,,CC8,CC8,"Tested up to DLV, none found",,
34,ND,7000,68.98,3,612*,1,1,4,290*,296*,sup,,CC8,CC8,"Tested up to DLV, none found",,
34,ND,8000,69.01,3,612*,1,1,4,290*,296*,sup,,CC8,CC8,"Tested up to DLV, none found",,
34,ND,9000,69.04,3,612*,1,1,4,290*,296*,sup,,CC8,CC8,"Tested up to DLV, none found",,
34,ND,10000,80.97,3,612*,1,1,4,4*,296*,sup,,CC8,CC8,"Tested up to DLV, none found",,
41,ND,1000,12.28,"",32*,"",79*,645*,287*,1020*,fast,,CC8,CC8,"Tested up to DLV, none found",,
41,ND,2000,21.72,2*,32*,169*,79*,25*,287*,1020*,fast,,CC8,CC8,"Tested up to DLV, none found",,
41,ND,3000,21.85,2*,32*,169*,79*,25*,287*,1020*,fast,,CC8,CC8,"Tested up to DLV, none found",,
41,ND,4000,21.85,2*,32*,169*,79*,25*,287*,1020*,fast,,CC8,CC8,"Tested up to DLV, none found",,
41,ND,5000,46.48,2*,32*,643*,79*,25*,501*,1020*,fast,,CC8,CC8,"Tested up to DLV, none found",,
41,ND,6000,59.25,2*,32*,491*,671*,213*,501*,1020*,fast,,CC8,CC8,"Tested up to DLV, none found",,
41,ND,7000,71.16,2*,32*,491*,671*,1010*,501*,1020*,fast,,CC8,CC8,"Tested up to DLV, none found",,
41,ND,8000,71.19,2*,32*,491*,1*,1010*,501*,1020*,fast,,CC8,CC8,"Tested up to DLV, none found",,
41,ND,9000,71.2,162*,32*,491*,1*,1010*,501*,1020*,fast,,CC8,CC8,"Tested up to DLV, none found",,
41,ND,10000,79.94,551*,3*,491*,1*,35*,501*,1020*,fast,,CC8,CC8,"Tested up to DLV, none found",,
41,ND,1000,14.65,12*,3*,"",255*,588*,374*,"",hac,,CC8,CC8,"Tested up to DLV, none found",,
41,ND,2000,24.68,973*,3*,"",255*,25*,374*,1014*,hac,,CC8,CC8,"Tested up to DLV, none found",,
41,ND,3000,24.74,973*,1145*,"",255*,25*,374*,1014*,hac,,CC8,CC8,"Tested up to DLV, none found",,
41,ND,4000,24.9,973*,1145*,1022*,255*,499*,374*,1014*,hac,,CC8,CC8,"Tested up to DLV, none found",,
41,ND,5000,63.22,973*,1145*,1*,671*,25*,742*,1014*,hac,,CC8,CC8,"Tested up to DLV, none found",,
41,ND,6000,64.26,973*,1145*,1,671,26*,742*,314*,hac,,CC8,CC8,"Tested up to DLV, none found",,
41,ND,7000,76.69,973*,1145*,1,1*,485*,4*,314*,hac,,CC8,CC8,"Tested up to DLV, none found",,
41,ND,8000,76.69,973*,1145*,1,1*,485*,4*,314*,hac,,CC8,CC8,"Tested up to DLV, none found",,
41,ND,9000,76.69,973*,1145*,1,1*,485*,4*,314*,hac,,CC8,CC8,"Tested up to DLV, none found",,
41,ND,10000,82.84,218*,3,1,1,960*,4*,314*,hac,,CC8,CC8,"Tested up to DLV, none found",,
41,ND,1000,14.38,"",3*,"",79*,588*,"","",sup,,CC8,CC8,"Tested up to DLV, none found",,
41,ND,2000,25.73,121*,3*,"",79*,609*,57*,12*,sup,,CC8,CC8,"Tested up to DLV, none found",,
41,ND,3000,25.76,121*,3*,"",79*,609*,121*,12*,sup,,CC8,CC8,"Tested up to DLV, none found",,
41,ND,4000,37.64,121*,3*,"",79*,350*,742*,12*,sup,,CC8,CC8,"Tested up to DLV, none found",,
41,ND,5000,64.46,121*,3*,1,203*,350*,742*,12*,sup,,CC8,CC8,"Tested up to DLV, none found",,
41,ND,6000,65.16,121*,3*,1,1,309*,742*,314*,sup,,CC8,CC8,"Tested up to DLV, none found",,
41,ND,7000,78.36,121*,3*,1,1,244*,4,314*,sup,,CC8,CC8,"Tested up to DLV, none found",,
41,ND,8000,78.43,121*,3*,1,1,244*,4,372*,sup,,CC8,CC8,"Tested up to DLV, none found",,
41,ND,9000,78.78,121*,3,1,1,244*,4,372*,sup,,CC8,CC8,"Tested up to DLV, none found",,
41,ND,10000,83.84,2,3,1,1,4*,4,372*,sup,CC8,CC8,CC8,taken from DLV with 68 STs,TRUE,TRUE
42,ND,1000,18.71,"",96*,"","",111*,550*,"",fast,,CC12,CC12,"Tested up to DLV, none found",,
42,ND,2000,18.84,"",250*,"","",111*,550*,"",fast,,CC12,CC12,"Tested up to DLV, none found",,
42,ND,3000,37.22,"",530*,"","",950*,550*,364*,fast,,CC12,CC12,"Tested up to DLV, none found",,
42,ND,4000,60.31,710*,530*,467*,"",950*,550*,364*,fast,,CC12,CC12,"Tested up to DLV, none found",,
42,ND,5000,61.71,710*,530*,467*,"",11*,550*,364*,fast,,CC12,CC12,"Tested up to DLV, none found",,
42,ND,6000,70.83,710*,530*,467*,31*,11*,550*,364*,fast,,CC12,CC12,"Tested up to DLV, none found",,
42,ND,7000,79.32,710*,678*,467*,8*,11,5*,364*,fast,,CC12,CC12,"Tested up to DLV, none found",,
42,ND,8000,87.17,710*,678*,467*,8*,11,5*,11*,fast,,CC12,CC12,"Tested up to DLV, none found",,
42,ND,9000,90.61,710*,678*,467*,8*,11,5,11*,fast,,CC12,CC12,"Tested up to DLV, none found",,
42,ND,10000,94.37,1*,678*,467*,8*,11,5,11*,fast,,CC12,CC12,"Tested up to DLV, none found",,
42,ND,1000,35.96,168*,806*,567*,"",11*,149*,"",hac,,CC12,CC12,"Tested up to DLV, none found",,
42,ND,2000,50.14,168*,806*,567*,"",11*,149*,11*,hac,,CC12,CC12,"Tested up to DLV, none found",,
42,ND,3000,56.46,168*,678*,567*,"",11*,149*,11,hac,,CC12,CC12,"Tested up to DLV, none found",,
42,ND,4000,58.15,168*,678*,1,"",11*,149*,11,hac,,CC12,CC12,"Tested up to DLV, none found",,
42,ND,5000,70.05,710*,203*,1,"",11*,149*,11,hac,,CC12,CC12,"Tested up to DLV, none found",,
42,ND,6000,83.03,710*,162*,1,8*,11*,5*,11,hac,,CC12,CC12,"Tested up to DLV, none found",,
42,ND,7000,86.86,710*,162*,1,8*,11,5*,11,hac,,CC12,CC12,"Tested up to DLV, none found",,
42,ND,8000,92.76,710*,678*,1,8*,11,5,11,hac,,CC12,CC12,"Tested up to DLV, none found",,
42,ND,9000,95.14,1*,678*,1,8*,11,5,11,hac,,CC12,CC12,"Tested up to DLV, none found",,
42,ND,10000,98.16,1*,696*,1,8*,11,5,11,hac,,CC12,CC12,"Tested up to DLV, none found",,
42,ND,1000,28.66,395*,327*,666*,"",11*,30*,"",sup,,CC12,CC12,"Tested up to DLV, none found",,
42,ND,2000,45.09,395*,80*,666*,62*,11*,227*,11,sup,,CC12,CC12,"Tested up to DLV, none found",,
42,ND,3000,46.03,395*,530*,666*,62*,11*,349*,11,sup,,CC12,CC12,"Tested up to DLV, none found",,
42,ND,4000,63.38,710*,530*,1,62*,11*,349*,11,sup,,CC12,CC12,"Tested up to DLV, none found",,
42,ND,5000,63.61,710*,530*,1,62*,11,349*,11,sup,,CC12,CC12,"Tested up to DLV, none found",,
42,ND,6000,73.7,710*,530*,1,8*,11,278*,11,sup,,CC12,CC12,"Tested up to DLV, none found",,
42,ND,7000,88.22,710*,530*,1,8*,11,5,11,sup,,CC12,CC12,"Tested up to DLV, none found",,
42,ND,8000,95.72,1*,678*,1,8*,11,5,11,sup,,CC12,CC12,"Tested up to DLV, none found",,
42,ND,9000,96.17,1,212*,1,8*,11,5,11,sup,,CC12,CC12,"Tested up to DLV, none found",,
42,ND,10000,99.07,1,212*,1,8*,11,5,11,sup,,CC12,CC12,"Tested up to DLV, none found",,
49,ND,1000,35.46,442*,127*,"",28*,262*,270*,3*,fast,,CC101,CC101,"Tested up to DLV, none found",,
49,ND,2000,47.15,442*,373*,"",28*,11*,2*,3*,fast,,CC101,CC101,"Tested up to DLV, none found",,
49,ND,3000,47.8,442*,832*,"",28*,11*,2*,3*,fast,,CC101,CC101,"Tested up to DLV, none found",,
49,ND,4000,48.01,271*,832*,"",28*,11*,2*,3*,fast,,CC101,CC101,"Tested up to DLV, none found",,
49,ND,5000,48.26,271*,832*,"",28*,11*,2*,3*,fast,,CC101,CC101,"Tested up to DLV, none found",,
49,ND,6000,48.56,271*,832*,"",28*,11*,2*,3*,fast,,CC101,CC101,"Tested up to DLV, none found",,
49,ND,7000,48.65,271*,469*,"",28*,11*,2*,3*,fast,,CC101,CC101,"Tested up to DLV, none found",,
49,ND,8000,48.68,271*,469*,"",28*,11*,2*,3*,fast,,CC101,CC101,"Tested up to DLV, none found",,
49,ND,9000,51.56,271*,469*,"",15*,11*,2*,3*,fast,,CC101,CC101,"Tested up to DLV, none found",,
49,ND,10000,65,543*,469*,"",15*,11*,2*,3*,fast,,CC101,CC101,"Tested up to DLV, none found",,
49,ND,1000,38.67,"",228*,"",28*,11*,"",3*,hac,,CC101,CC101,"Tested up to DLV, none found",,
49,ND,2000,51.42,"",265*,"",28*,11*,19*,3*,hac,,CC101,CC101,"Tested up to DLV, none found",,
49,ND,3000,52.13,"",871*,"",28*,11*,19*,3*,hac,,CC101,CC101,"Tested up to DLV, none found",,
49,ND,4000,52.13,"",871*,"",28*,11*,19*,3*,hac,,CC101,CC101,"Tested up to DLV, none found",,
49,ND,5000,52.17,"",469*,"",28*,11*,19*,3*,hac,,CC101,CC101,"Tested up to DLV, none found",,
49,ND,6000,52.94,"",373*,"",28*,11*,19*,3*,hac,,CC101,CC101,"Tested up to DLV, none found",,
49,ND,7000,53.17,61*,106*,"",28*,11*,867*,3*,hac,,CC101,CC101,"Tested up to DLV, none found",,
49,ND,8000,53.3,61*,302*,"",28*,11*,867*,3*,hac,,CC101,CC101,"Tested up to DLV, none found",,
49,ND,9000,54.72,61*,831*,"",15*,11*,867*,3*,hac,,CC101,CC101,"Tested up to DLV, none found",,
49,ND,10000,70.99,3*,831*,"",15*,11*,19*,3*,hac,,CC101,CC101,"Tested up to DLV, none found",,
49,ND,1000,41.18,"",228*,"",28*,11*,"",3,sup,,CC101,CC101,"Tested up to DLV, none found",,
49,ND,2000,52.62,425*,373*,"",28*,11*,19*,3,sup,,CC101,CC101,"Tested up to DLV, none found",,
49,ND,3000,52.78,425*,373*,"",28*,11*,19*,3,sup,,CC101,CC101,"Tested up to DLV, none found",,
49,ND,4000,52.85,425*,373*,"",28*,11*,19*,3,sup,,CC101,CC101,"Tested up to DLV, none found",,
49,ND,5000,52.88,425*,49*,"",28*,11*,19*,3,sup,,CC101,CC101,"Tested up to DLV, none found",,
49,ND,6000,54.72,425*,106*,"",28*,11*,19*,3,sup,,CC101,CC101,"Tested up to DLV, none found",,
49,ND,7000,54.92,425*,106*,"",28*,11*,867*,3,sup,,CC101,CC101,"Tested up to DLV, none found",,
49,ND,8000,55.37,425*,106*,"",15,11*,867*,3,sup,,CC101,CC101,"Tested up to DLV, none found",,
49,ND,9000,68.93,3*,106*,"",15,11*,867*,3,sup,,CC101,CC101,"Tested up to DLV, none found",,
49,ND,10000,71.35,543*,357*,907*,15,11*,19*,3,sup,,CC101,CC101,"Tested up to DLV, none found",,
50,101,10000,99.07,3,1*,14,15,11*,19,3*,sup,"",CC101,CC101,"",TRUE,TRUE
50,7257,5000,88.5,3,1*,14*,15*,860*,19,3*,sup,"",CC101,CC101,"",FALSE,TRUE
50,7257,6000,88.5,3,1*,14*,15*,860*,19,3*,sup,"",CC101,CC101,"",FALSE,TRUE
50,7257,7000,88.5,3,1*,14*,15*,860*,19,3*,sup,"",CC101,CC101,"",FALSE,TRUE
50,7257,8000,89.75,3,1*,14*,15,860*,19,3*,sup,"",CC101,CC101,"",FALSE,TRUE
50,7257,9000,97.71,3,1*,14*,15,860*,19,3*,sup,"",CC101,CC101,"",FALSE,TRUE
50,ND,1000,9.65,"",228*,"","",25*,198*,"",fast,,CC101,CC101,"Tested up to DLV, none found",,
50,ND,2000,31.49,"",860*,144*,"",860*,198*,422*,fast,,CC101,CC101,"Tested up to DLV, none found",,
50,ND,3000,46.02,"",170*,144*,"",860*,19*,422*,fast,,CC101,CC101,"Tested up to DLV, none found",,
50,ND,4000,73.05,703*,170*,144*,337*,860*,19*,3*,fast,,CC101,CC101,"Tested up to DLV, none found",,
50,ND,5000,74.17,90*,170*,144*,337*,860*,19*,3*,fast,,CC101,CC101,"Tested up to DLV, none found",,
50,ND,6000,77.17,276*,1*,144*,337*,860*,19*,3*,fast,,CC101,CC101,"Tested up to DLV, none found",,
50,ND,7000,80.78,276*,1*,144*,15*,860*,19*,3*,fast,,CC101,CC101,"Tested up to DLV, none found",,
50,ND,8000,80.78,276*,1*,144*,15*,860*,19*,3*,fast,,CC101,CC101,"Tested up to DLV, none found",,
50,ND,9000,86.06,276*,1*,144*,15*,781*,19,3*,fast,,CC101,CC101,"Tested up to DLV, none found",,
50,ND,10000,95.2,276*,1*,14*,15*,781*,19,3*,fast,,CC101,CC101,"Tested up to DLV, none found",,
50,ND,1000,15.85,"",47*,14*,"","",43*,"",hac,,CC101,CC101,"Tested up to DLV, none found",,
50,ND,2000,37.52,"",185*,14*,"",11*,43*,422*,hac,,CC101,CC101,"Tested up to DLV, none found",,
50,ND,3000,55.52,537*,185*,14*,"",11*,19*,305*,hac,,CC101,CC101,"Tested up to DLV, none found",,
50,ND,4000,81.57,537*,542*,14*,337*,11*,19*,305*,hac,,CC101,CC101,"Tested up to DLV, none found",,
50,ND,5000,84.66,3*,542*,1022*,337*,11*,19*,3*,hac,,CC101,CC101,"Tested up to DLV, none found",,
50,ND,6000,86.98,3*,395*,1022*,337*,11*,19*,3*,hac,,CC101,CC101,"Tested up to DLV, none found",,
50,ND,7000,87.43,3*,395*,1022*,15*,11*,19*,3*,hac,,CC101,CC101,"Tested up to DLV, none found",,
50,ND,8000,87.43,3*,395*,1022*,15*,11*,19*,3*,hac,,CC101,CC101,"Tested up to DLV, none found",,
50,ND,9000,97.81,3*,395*,14*,15*,11*,19,3*,hac,,CC101,CC101,"Tested up to DLV, none found",,
50,ND,10000,97.81,3*,395*,14*,15*,11*,19,3*,hac,,CC101,CC101,"Tested up to DLV, none found",,
50,ND,1000,12.14,"",816*,"","",585*,19*,"",sup,,CC101,CC101,"Tested up to DLV, none found",,
50,ND,2000,43.2,"",469*,14*,"",860*,19*,894*,sup,,CC101,CC101,"Tested up to DLV, none found",,
50,ND,3000,65.12,124*,1*,14*,"",860*,19*,894*,sup,,CC101,CC101,"Tested up to DLV, none found",,
50,ND,4000,86.63,3*,395*,14*,15*,860*,19,3*,sup,,CC101,CC101,"Tested up to DLV, none found",,
57,12,7000,97.91,1*,3*,1*,8*,11*,5,11*,hac,"",CC12,CC12,"",TRUE,TRUE
57,12,8000,98.33,1*,3*,1*,8*,11*,5,11,hac,"",CC12,CC12,"",TRUE,TRUE
57,12,9000,98.65,1*,3*,1*,8*,11*,5,11,hac,"",CC12,CC12,"",TRUE,TRUE
57,12,9000,99.29,1*,3,1,8,11,5,11*,sup,"",CC12,CC12,"",TRUE,TRUE
57,12,10000,99.29,1*,3,1,8,11,5,11*,sup,"",CC12,CC12,"",TRUE,TRUE
57,ND,1000,12.73,791*,87*,"",8*,116*,"","",fast,,CC12,CC12,"Tested up to DLV, none found",,
57,ND,2000,25.92,791*,210*,218*,8*,324*,"","",fast,,CC12,CC12,"Tested up to DLV, none found",,
57,ND,3000,42.28,791*,179*,218*,8*,164*,460*,11*,fast,,CC12,CC12,"Tested up to DLV, none found",,
57,ND,4000,44.18,791*,87*,218*,8*,324*,91*,11*,fast,,CC12,CC12,"Tested up to DLV, none found",,
57,ND,5000,46.65,791*,87*,1*,8*,324*,91*,11*,fast,,CC12,CC12,"Tested up to DLV, none found",,
57,ND,6000,54.65,603*,87*,1*,8*,164*,91*,11*,fast,,CC12,CC12,"Tested up to DLV, none found",,
57,ND,7000,66.09,603*,87*,1*,8*,164*,5*,11*,fast,,CC12,CC12,"Tested up to DLV, none found",,
57,ND,8000,80.74,603*,87*,1*,8*,781*,5*,11*,fast,,CC12,CC12,"Tested up to DLV, none found",,
57,ND,9000,86.28,603*,76*,1*,8*,781*,5,11*,fast,,CC12,CC12,"Tested up to DLV, none found",,
57,ND,10000,88.08,603*,76*,1,8*,11,5,11*,fast,,CC12,CC12,"Tested up to DLV, none found",,
57,ND,1000,11.31,201*,302*,"",8*,607*,"","",hac,,CC12,CC12,"Tested up to DLV, none found",,
57,ND,2000,34.29,734*,302*,218*,8*,607*,428*,182*,hac,,CC12,CC12,"Tested up to DLV, none found",,
57,ND,3000,59.27,734*,87*,218*,8*,116*,762*,11*,hac,,CC12,CC12,"Tested up to DLV, none found",,
57,ND,4000,70.99,734*,87*,1*,8*,11*,721*,11*,hac,,CC12,CC12,"Tested up to DLV, none found",,
57,ND,5000,85.34,734*,345*,1*,8*,566*,5*,11*,hac,,CC12,CC12,"Tested up to DLV, none found",,
57,ND,6000,89.95,1*,345*,1*,8*,566*,5*,11*,hac,,CC12,CC12,"Tested up to DLV, none found",,
57,ND,10000,98.94,1*,3*,218,8,11*,5,11,hac,,CC12,CC12,"Tested up to DLV, none found",,
57,ND,1000,22.29,267*,72*,"",8*,116*,36*,"",sup,,CC12,CC12,"Tested up to DLV, none found",,
57,ND,2000,36.26,267*,531*,1*,8*,116*,36*,182*,sup,,CC12,CC12,"Tested up to DLV, none found",,
57,ND,3000,56.72,267*,531*,1*,8*,113*,57*,11*,sup,,CC12,CC12,"Tested up to DLV, none found",,
57,ND,4000,58.34,267*,87*,1,8*,113*,57*,11*,sup,,CC12,CC12,"Tested up to DLV, none found",,
57,ND,5000,68.8,267*,87*,1,8,113*,5*,11*,sup,,CC12,CC12,"Tested up to DLV, none found",,
57,ND,6000,72.54,1*,87*,1,8,113*,5*,11*,sup,,CC12,CC12,"Tested up to DLV, none found",,
57,ND,7000,96.78,1*,3*,1,8,18*,760,11*,sup,,CC12,CC12,"Tested up to DLV, none found",,
57,ND,8000,97.71,1*,3,1,8,18*,5,11*,sup,,CC12,CC12,"Tested up to DLV, none found",,
58,ND,1000,9.04,442*,127*,"","",25*,649*,"",fast,,CC45,CC45,"Tested up to DLV, none found",,
58,ND,2000,19.87,442*,306*,"","",25*,649*,327*,fast,,CC45,CC45,"Tested up to DLV, none found",,
58,ND,3000,23.11,442*,127*,"","",25*,649*,262*,fast,,CC45,CC45,"Tested up to DLV, none found",,
58,ND,4000,42.95,442*,988*,8*,"",94*,3*,262*,fast,,CC45,CC45,"Tested up to DLV, none found",,
58,ND,5000,55.2,205*,988*,8*,"",233*,3*,262*,fast,,CC45,CC45,"Tested up to DLV, none found",,
58,ND,6000,55.75,205*,988*,761*,"",233*,3*,262*,fast,,CC45,CC45,"Tested up to DLV, none found",,
58,ND,7000,55.97,205*,281*,761*,"",233*,3*,262*,fast,,CC45,CC45,"Tested up to DLV, none found",,
58,ND,8000,67.9,205*,281*,761*,"",149*,3*,262*,fast,,CC45,CC45,"Tested up to DLV, none found",,
58,ND,9000,67.94,205*,281*,761*,"",149*,3*,262*,fast,,CC45,CC45,"Tested up to DLV, none found",,
58,ND,10000,72.05,205*,281*,761*,158*,149*,3*,262*,fast,,CC45,CC45,"Tested up to DLV, none found",,
58,ND,1000,11.14,"","","","",441*,649*,"",hac,,CC45,CC45,"Tested up to DLV, none found",,
58,ND,2000,26.08,"",244*,286*,"",441*,649*,212*,hac,,CC45,CC45,"Tested up to DLV, none found",,
58,ND,3000,26.23,"",762*,286*,"",441*,649*,212*,hac,,CC45,CC45,"Tested up to DLV, none found",,
58,ND,4000,51.96,303*,281*,8*,"",842*,649,212*,hac,,CC45,CC45,"Tested up to DLV, none found",,
58,ND,5000,60.15,755*,281*,8*,"",842*,3,212*,hac,,CC45,CC45,"Tested up to DLV, none found",,
58,ND,6000,60.18,755*,281*,8*,"",842*,3,212*,hac,,CC45,CC45,"Tested up to DLV, none found",,
58,ND,7000,60.44,755*,281*,8*,"",233*,3,212*,hac,,CC45,CC45,"Tested up to DLV, none found",,
58,ND,8000,73.31,755*,281*,8*,"",10*,3,212*,hac,,CC45,CC45,"Tested up to DLV, none found",,
58,ND,9000,74.83,10*,277*,8*,158*,10*,3,212*,hac,,CC45,CC45,"Tested up to DLV, none found",,
58,ND,10000,76.4,10*,812*,8*,79*,10*,3,2*,hac,,CC45,CC45,"Tested up to DLV, none found",,
58,ND,1000,12.24,"",449*,"","",44*,3*,"",sup,,CC45,CC45,"Tested up to DLV, none found",,
58,ND,2000,26.3,425*,302*,"","",44*,3*,1045*,sup,,CC45,CC45,"Tested up to DLV, none found",,
58,ND,3000,26.58,425*,303*,"","",44*,3*,1045*,sup,,CC45,CC45,"Tested up to DLV, none found",,
58,ND,4000,53.17,927*,319*,8*,"",44*,3,1045*,sup,,CC45,CC45,"Tested up to DLV, none found",,
58,ND,5000,59.87,755*,319*,8*,"",44*,3,1045*,sup,,CC45,CC45,"Tested up to DLV, none found",,
58,ND,6000,59.87,755*,319*,8*,"",44*,3,1045*,sup,,CC45,CC45,"Tested up to DLV, none found",,
58,ND,7000,59.97,10*,319*,8*,"",230*,3,1045*,sup,,CC45,CC45,"Tested up to DLV, none found",,
58,ND,8000,73.07,10*,319*,8*,"",880*,3,1045*,sup,,CC45,CC45,"Tested up to DLV, none found",,
58,ND,9000,73.41,10*,319*,8*,"",880*,3,1045*,sup,,CC45,CC45,"Tested up to DLV, none found",,
58,ND,10000,77.08,10*,319*,8,378*,880*,3,2,sup,CC45,CC45,CC45,taken from DLV with 1 STs,TRUE,TRUE
65,ND,1000,13.88,185*,249*,292*,"",25*,"","",fast,,CC72,CC72,"Tested up to DLV, none found",,
65,ND,2000,25.59,489*,249*,292*,"",25*,263*,"",fast,,CC72,CC72,"Tested up to DLV, none found",,
65,ND,3000,44.54,489*,1142*,292*,8*,25*,263*,"",fast,,CC72,CC72,"Tested up to DLV, none found",,
65,ND,4000,46.68,489*,1142*,292*,526*,25*,263*,"",fast,,CC72,CC72,"Tested up to DLV, none found",,
65,ND,5000,56.66,489*,1142*,292*,526*,317*,263*,187*,fast,,CC72,CC72,"Tested up to DLV, none found",,
65,ND,6000,59.65,484*,1142*,292*,526*,317*,263*,187*,fast,,CC72,CC72,"Tested up to DLV, none found",,
65,ND,7000,60.35,484*,4*,292*,526*,317*,263*,187*,fast,,CC72,CC72,"Tested up to DLV, none found",,
65,ND,8000,63.77,484,4*,292*,526*,4*,263*,187*,fast,,CC72,CC72,"Tested up to DLV, none found",,
65,ND,9000,68.63,484,4*,292*,8*,4*,147*,187*,fast,,CC72,CC72,"Tested up to DLV, none found",,
65,ND,10000,68.67,484,4*,292*,8*,4*,57*,187*,fast,,CC72,CC72,"Tested up to DLV, none found",,
65,ND,1000,12.58,"",49*,546*,"",35*,"","",hac,,CC72,CC72,"Tested up to DLV, none found",,
65,ND,2000,30.42,489*,49*,546*,79*,35*,327*,"",hac,,CC72,CC72,"Tested up to DLV, none found",,
65,ND,3000,48.53,489*,628*,546*,8*,25*,327*,182*,hac,,CC72,CC72,"Tested up to DLV, none found",,
65,ND,4000,50.43,562*,628*,546*,8*,25*,196*,182*,hac,,CC72,CC72,"Tested up to DLV, none found",,
65,ND,5000,68.16,562*,628*,546*,8*,1015*,106*,182*,hac,,CC72,CC72,"Tested up to DLV, none found",,
65,ND,6000,68.64,1,628*,546*,8*,1015*,106*,182*,hac,,CC72,CC72,"Tested up to DLV, none found",,
65,ND,7000,69.16,1,628*,546*,8*,1015*,106*,182*,hac,,CC72,CC72,"Tested up to DLV, none found",,
65,ND,8000,69.16,1,628*,546*,8*,1015*,106*,182*,hac,,CC72,CC72,"Tested up to DLV, none found",,
65,ND,9000,72.67,1,4*,546*,8,1015*,106*,182*,hac,,CC72,CC72,"Tested up to DLV, none found",,
65,ND,10000,72.67,1,4*,546*,8,1015*,106*,182*,hac,,CC72,CC72,"Tested up to DLV, none found",,
65,ND,1000,14.44,"",66*,1,"",223*,"","",sup,,CC72,CC72,"Tested up to DLV, none found",,
65,ND,2000,27.73,489*,537*,1,"",223*,227*,"",sup,,CC72,CC72,"Tested up to DLV, none found",,
65,ND,3000,51.71,489*,628*,1,8*,223*,278*,"",sup,,CC72,CC72,"Tested up to DLV, none found",,
65,ND,4000,51.8,489*,628*,1,8*,32*,278*,"",sup,,CC72,CC72,"Tested up to DLV, none found",,
65,ND,5000,73.16,1*,628*,1,8*,441*,402*,"",sup,,CC72,CC72,"Tested up to DLV, none found",,
65,ND,6000,72.12,1,628*,1,8*,441*,402*,257*,sup,,CC72,CC72,"Tested up to DLV, none found",,
65,ND,7000,72.15,1,628*,1,8*,441*,402*,257*,sup,,CC72,CC72,"Tested up to DLV, none found",,
65,ND,8000,74.37,1,397*,1,8*,4,402*,257*,sup,,CC72,CC72,"Tested up to DLV, none found",,
65,ND,9000,76.82,1,397*,1,8*,4,402*,311*,sup,,CC72,CC72,"Tested up to DLV, none found",,
65,ND,10000,83.48,1,397*,1,8*,4,4,311*,sup,,CC72,CC72,"Tested up to DLV, none found",,
66,ND,1000,12.49,386*,530*,"",79*,294*,"",229*,fast,,CC5,CC5,"Tested up to DLV, none found",,
66,ND,2000,13.2,603*,871*,"",79*,294*,23*,229*,fast,,CC5,CC5,"Tested up to DLV, none found",,
66,ND,3000,30.53,603*,871*,"",79*,25*,241*,928*,fast,,CC5,CC5,"Tested up to DLV, none found",,
66,ND,4000,30.85,603*,871*,"",79*,25*,41*,928*,fast,,CC5,CC5,"Tested up to DLV, none found",,
66,ND,5000,35.79,603*,1050*,"",79*,25*,661*,928*,fast,,CC5,CC5,"Tested up to DLV, none found",,
66,ND,6000,36.21,603*,1050*,"",79*,25*,661*,928*,fast,,CC5,CC5,"Tested up to DLV, none found",,
66,ND,7000,49.38,603*,68*,"",401*,25*,1*,928*,fast,,CC5,CC5,"Tested up to DLV, none found",,
66,ND,8000,55.68,260*,68*,"",401*,25*,1*,928*,fast,,CC5,CC5,"Tested up to DLV, none found",,
66,ND,9000,61.23,260*,1141*,"",4*,25*,1*,928*,fast,,CC5,CC5,"Tested up to DLV, none found",,
66,ND,10000,64.2,1*,1141*,"",4*,25*,1*,928*,fast,,CC5,CC5,"Tested up to DLV, none found",,
66,ND,1000,19.87,484*,106*,111*,79*,44*,263*,1072*,hac,,CC5,CC5,"Tested up to DLV, none found",,
66,ND,2000,19.9,484*,106*,111*,79*,44*,263*,1072*,hac,,CC5,CC5,"Tested up to DLV, none found",,
66,ND,3000,38.49,484*,106*,111*,79*,235*,688*,10*,hac,,CC5,CC5,"Tested up to DLV, none found",,
66,ND,4000,38.71,484*,106*,111*,79*,235*,688*,10,hac,,CC5,CC5,"Tested up to DLV, none found",,
66,ND,5000,43.25,484*,67*,111*,79*,235*,688*,10,hac,,CC5,CC5,"Tested up to DLV, none found",,
66,ND,6000,53.16,484*,49*,57*,79*,25*,688*,10,hac,,CC5,CC5,"Tested up to DLV, none found",,
66,ND,7000,68.72,484*,49*,1,4*,25*,1,10,hac,,CC5,CC5,"Tested up to DLV, none found",,
66,ND,8000,68.84,484*,49*,1,4*,25*,1,10,hac,,CC5,CC5,"Tested up to DLV, none found",,
66,ND,9000,79.38,1*,932*,1,4*,25*,1,10,hac,CC5,CC5,CC5,taken from DLV with 1 STs,TRUE,TRUE
66,ND,10000,79.73,1,932*,1,4*,25*,1,10,hac,CC5,CC5,CC5,taken from DLV with 1 STs,TRUE,TRUE
66,ND,1000,15.21,289*,366*,"",79*,169*,374*,942*,sup,,CC5,CC5,"Tested up to DLV, none found",,
66,ND,2000,15.49,289*,199*,2*,79*,169*,374*,942*,sup,,CC5,CC5,"Tested up to DLV, none found",,
66,ND,3000,34.06,289*,199*,2*,79*,44*,800*,10,sup,,CC5,CC5,"Tested up to DLV, none found",,
66,ND,4000,34.1,289*,474*,2*,79*,44*,800*,10,sup,,CC5,CC5,"Tested up to DLV, none found",,
66,ND,5000,38.42,289*,474*,2*,79*,25*,800*,10,sup,,CC5,CC5,"Tested up to DLV, none found",,
66,ND,6000,50.66,289*,474*,57*,79*,25*,800*,10,sup,,CC5,CC5,"Tested up to DLV, none found",,
66,ND,7000,65.25,289*,474*,1,4*,25*,1,10,sup,,CC5,CC5,"Tested up to DLV, none found",,
66,ND,8000,69.76,1*,474*,1,4*,25*,1,10,sup,,CC5,CC5,"Tested up to DLV, none found",,
66,ND,9000,79.09,1*,1141*,1,4,25*,1,10,sup,CC5,CC5,CC5,taken from DLV with 1 STs,TRUE,TRUE
66,ND,10000,79.7,1*,1141*,1,4,25*,1,10,sup,CC5,CC5,CC5,taken from DLV with 1 STs,TRUE,TRUE
73,5,9000,96.52,1*,4,1,4*,12,1*,10*,hac,CC5,CC5,CC5,"",TRUE,TRUE
73,5,10000,96.52,1*,4,1,4*,12,1*,10*,hac,CC5,CC5,CC5,"",TRUE,TRUE
73,5,10000,98.16,1*,4,1,4*,12,1,10*,sup,CC5,CC5,CC5,"",TRUE,TRUE
73,ND,1000,13.08,308*,207*,"","",422*,"","",fast,,CC5,CC5,"Tested up to DLV, none found",,
73,ND,2000,33.44,308*,207*,"","",79*,374*,453*,fast,,CC5,CC5,"Tested up to DLV, none found",,
73,ND,3000,37.54,308*,207*,"","",662*,374*,453*,fast,,CC5,CC5,"Tested up to DLV, none found",,
73,ND,4000,50.45,308*,207*,636*,"",12*,278*,453*,fast,,CC5,CC5,"Tested up to DLV, none found",,
73,ND,5000,61.87,308*,207*,377*,"",12*,558*,453*,fast,,CC5,CC5,"Tested up to DLV, none found",,
73,ND,6000,62.83,308*,4*,377*,"",12*,558*,453*,fast,,CC5,CC5,"Tested up to DLV, none found",,
73,ND,7000,66.25,442*,4*,377*,153*,12*,558*,10*,fast,,CC5,CC5,"Tested up to DLV, none found",,
73,ND,8000,78.45,484*,4,377*,153*,12*,558*,10*,fast,,CC5,CC5,"Tested up to DLV, none found",,
73,ND,9000,78.45,484*,4,377*,153*,12*,558*,10*,fast,,CC5,CC5,"Tested up to DLV, none found",,
73,ND,10000,90.89,1*,4,175*,4*,12,558*,10*,fast,,CC5,CC5,"Tested up to DLV, none found",,
73,ND,1000,24.61,308*,601*,"","",422*,1*,"",hac,,CC5,CC5,"Tested up to DLV, none found",,
73,ND,2000,38.4,308*,601*,"","",422*,1*,885*,hac,,CC5,CC5,"Tested up to DLV, none found",,
73,ND,3000,49.86,308*,601*,"","",662*,1*,885*,hac,,CC5,CC5,"Tested up to DLV, none found",,
73,ND,4000,64.96,308*,601*,460*,"",12*,1*,885*,hac,,CC5,CC5,"Tested up to DLV, none found",,
73,ND,5000,68.41,308*,601*,1*,"",12*,1*,885*,hac,,CC5,CC5,"Tested up to DLV, none found",,
73,ND,6000,68.44,151*,601*,1*,"",12*,1*,885*,hac,,CC5,CC5,"Tested up to DLV, none found",,
73,ND,7000,82.25,385*,601*,1*,"",12,1*,10*,hac,,CC5,CC5,"Tested up to DLV, none found",,
73,ND,8000,95.62,1*,601*,1*,4*,12,1*,10*,hac,CC5,CC5,CC5,taken from DLV with 380 STs,TRUE,TRUE
73,ND,1000,26.06,"",601*,"","",5*,1*,"",sup,,CC5,CC5,"Tested up to DLV, none found",,
73,ND,2000,39.75,"",601*,"","",94*,1*,114*,sup,,CC5,CC5,"Tested up to DLV, none found",,
73,ND,3000,66.17,132*,601*,159*,"",184*,1*,114*,sup,,CC5,CC5,"Tested up to DLV, none found",,
73,ND,4000,67.73,132*,601*,159*,"",12*,1*,114*,sup,,CC5,CC5,"Tested up to DLV, none found",,
73,ND,5000,79.36,923*,601*,159*,"",12*,1*,114*,sup,,CC5,CC5,"Tested up to DLV, none found",,
73,ND,6000,68.23,132*,4,159*,"",12,1*,114*,sup,,CC5,CC5,"Tested up to DLV, none found",,
73,ND,7000,77.59,360*,4,1*,"",12,1,114*,sup,,CC5,CC5,"Tested up to DLV, none found",,
73,ND,8000,85.8,1*,4,1,60*,12,1,114*,sup,CC5,CC5,CC5,taken from DLV with 1 STs,TRUE,TRUE
73,ND,9000,86.28,1*,4,1,60*,12,1,10*,sup,"CC1,CC5",CC5,CC5,"taken from DLV with 1,318 STs",TRUE,FALSE
74,ND,1000,22.8,271*,286*,8*,"",10*,"",60*,fast,,CC45,CC45,"Tested up to DLV, none found",,
74,ND,2000,26.41,543*,306*,8*,"",10*,"",60*,fast,,CC45,CC45,"Tested up to DLV, none found",,
74,ND,3000,27.43,543*,992*,8*,"",10*,42*,60*,fast,,CC45,CC45,"Tested up to DLV, none found",,
74,ND,4000,53.41,543*,992*,8*,555*,10*,3*,60*,fast,,CC45,CC45,"Tested up to DLV, none found",,
74,ND,5000,62.64,755*,992*,8*,555*,10,3*,739*,fast,,CC45,CC45,"Tested up to DLV, none found",,
74,ND,6000,76.02,755*,992*,8*,555*,10,3*,886*,fast,,CC45,CC45,"Tested up to DLV, none found",,
74,ND,7000,76.34,755*,67*,8*,555*,10,3*,886*,fast,,CC45,CC45,"Tested up to DLV, none found",,
74,ND,8000,78.55,755*,67*,8*,555*,10,3*,886*,fast,,CC45,CC45,"Tested up to DLV, none found",,
74,ND,9000,79.01,10*,87*,8*,555*,10,3*,886*,fast,,CC45,CC45,"Tested up to DLV, none found",,
74,ND,10000,79.07,10*,87*,8*,555*,10,3*,886*,fast,,CC45,CC45,"Tested up to DLV, none found",,
74,ND,1000,29.65,"",763*,8*,"",10,290*,"",hac,,CC45,CC45,"Tested up to DLV, none found",,
74,ND,2000,41.16,10*,763*,8*,"",10,290*,494*,hac,,CC45,CC45,"Tested up to DLV, none found",,
74,ND,3000,41.22,10*,763*,8*,"",10,290*,494*,hac,,CC45,CC45,"Tested up to DLV, none found",,
74,ND,4000,67.32,10*,763*,8*,87*,10,3,494*,hac,,CC45,CC45,"Tested up to DLV, none found",,
74,ND,5000,81.94,10*,763*,8*,87*,10,3,886*,hac,,CC45,CC45,"Tested up to DLV, none found",,
74,ND,6000,82.78,10,763*,8,87*,10,3,886*,hac,,CC45,CC45,"Tested up to DLV, none found",,
74,ND,7000,83.64,10,763*,8,87*,10,3,2*,hac,CC45,CC45,CC45,taken from DLV with 1 STs,TRUE,TRUE
74,ND,8000,83.64,10,763*,8,87*,10,3,2*,hac,CC45,CC45,CC45,taken from DLV with 1 STs,TRUE,TRUE
74,ND,9000,83.64,10,763*,8,87*,10,3,2*,hac,CC45,CC45,CC45,taken from DLV with 1 STs,TRUE,TRUE
74,ND,10000,83.68,10,731*,8,87*,10,3,2*,hac,CC45,CC45,CC45,taken from DLV with 1 STs,TRUE,TRUE
74,ND,1000,29.39,"",85*,8*,"",10*,290*,"",sup,,CC45,CC45,"Tested up to DLV, none found",,
74,ND,2000,41.46,10*,85*,8*,"",10*,141*,314*,sup,,CC45,CC45,"Tested up to DLV, none found",,
74,ND,3000,45.89,10*,10*,8,"",10*,290*,314*,sup,,CC45,CC45,"Tested up to DLV, none found",,
74,ND,4000,71.54,10*,10*,8,555*,10*,3,12*,sup,,CC45,CC45,"Tested up to DLV, none found",,
74,ND,5000,87.77,10*,10*,8,555*,10,3,492*,sup,,CC45,CC45,"Tested up to DLV, none found",,
74,ND,6000,88.15,10,10*,8,555*,10,3,492*,sup,,CC45,CC45,"Tested up to DLV, none found",,
74,ND,7000,88.15,10,10*,8,555*,10,3,492*,sup,,CC45,CC45,"Tested up to DLV, none found",,
74,ND,8000,89.21,10,10*,8,555*,10,3,2,sup,CC45,CC45,CC45,taken from DLV with 2 STs,TRUE,TRUE
74,ND,9000,89.21,10,10*,8,555*,10,3,2,sup,CC45,CC45,CC45,taken from DLV with 2 STs,TRUE,TRUE
74,ND,10000,89.25,10,745*,8,555*,10,3,2,sup,CC45,CC45,CC45,taken from DLV with 2 STs,TRUE,TRUE
81,ND,1000,0.28,"",87*,"","",94*,"","",fast,,CC5,CC5,"Tested up to DLV, none found",,
81,ND,2000,16.53,271*,195*,375*,654*,891*,91*,"",fast,,CC5,CC5,"Tested up to DLV, none found",,
81,ND,3000,39.96,271*,43*,375*,654*,891*,91*,928*,fast,,CC5,CC5,"Tested up to DLV, none found",,
81,ND,4000,58.56,1*,43*,375*,654*,891*,317*,928*,fast,,CC5,CC5,"Tested up to DLV, none found",,
81,ND,5000,66.07,1*,43*,528*,654*,891*,317*,928*,fast,,CC5,CC5,"Tested up to DLV, none found",,
81,ND,6000,73.31,1,43*,528*,654*,891*,769*,928*,fast,,CC5,CC5,"Tested up to DLV, none found",,
81,ND,7000,75.34,1,43*,528*,4,891*,769*,928*,fast,,CC5,CC5,"Tested up to DLV, none found",,
81,ND,8000,88.44,1,43*,528*,4,12*,549,928*,fast,,CC5,CC5,"Tested up to DLV, none found",,
81,ND,9000,88.44,1,43*,528*,4,12*,549,928*,fast,,CC5,CC5,"Tested up to DLV, none found",,
81,ND,10000,88.44,1,43*,528*,4,12*,549,928*,fast,,CC5,CC5,"Tested up to DLV, none found",,
81,ND,1000,0.73,"",87*,"","",25*,165*,"",hac,,CC5,CC5,"Tested up to DLV, none found",,
81,ND,2000,19.86,185*,87*,140*,4*,891*,227*,"",hac,,CC5,CC5,"Tested up to DLV, none found",,
81,ND,3000,46.54,185*,909*,140*,4*,891*,227*,10*,hac,,CC5,CC5,"Tested up to DLV, none found",,
81,ND,4000,75.89,1*,909*,452*,4*,891*,454*,10*,hac,,CC5,CC5,"Tested up to DLV, none found",,
81,ND,5000,76.37,1,909*,452*,4*,187*,454*,10*,hac,,CC5,CC5,"Tested up to DLV, none found",,
81,ND,6000,82.39,1,909*,452*,618*,187*,1*,10*,hac,,CC5,CC5,"Tested up to DLV, none found",,
81,ND,7000,96.75,1,909*,452*,4*,12*,1*,10*,hac,CC5,CC5,CC5,taken from DLV with 278 STs,TRUE,TRUE
81,ND,8000,97.52,1,909*,1*,4*,12*,1*,10*,hac,CC5,CC5,CC5,taken from DLV with 380 STs,TRUE,TRUE
81,ND,9000,97.52,1,909*,1*,4*,12*,1*,10*,hac,CC5,CC5,CC5,taken from DLV with 380 STs,TRUE,TRUE
81,ND,10000,97.52,1,909*,1*,4*,12*,1*,10*,hac,CC5,CC5,CC5,taken from DLV with 380 STs,TRUE,TRUE
81,ND,1000,0.52,"",132*,221*,"",32*,23*,"",sup,,CC5,CC5,"Tested up to DLV, none found",,
81,ND,2000,19.25,"",103*,388*,4*,840*,141*,497*,sup,,CC5,CC5,"Tested up to DLV, none found",,
81,ND,3000,60.48,603*,909*,388*,4*,840*,227*,10*,sup,,CC5,CC5,"Tested up to DLV, none found",,
81,ND,4000,70.13,1,909*,388*,4*,840*,208*,10,sup,,CC5,CC5,"Tested up to DLV, none found",,
81,ND,5000,77.96,1,909*,388*,4*,25*,208*,10,sup,,CC5,CC5,"Tested up to DLV, none found",,
81,ND,6000,83.85,1,909*,388*,4*,25*,1,10,sup,,CC5,CC5,"Tested up to DLV, none found",,
81,ND,7000,98.74,1,909*,388,4*,12*,1,10,sup,CC5,CC5,CC5,taken from DLV with 278 STs,TRUE,TRUE
81,ND,8000,98.74,1,909*,388,4*,12*,1,10,sup,CC5,CC5,CC5,taken from DLV with 278 STs,TRUE,TRUE
81,ND,9000,98.74,1,909*,388,4*,12*,1,10,sup,CC5,CC5,CC5,taken from DLV with 278 STs,TRUE,TRUE
81,ND,10000,98.74,1,909*,388,4*,12*,1,10,sup,CC5,CC5,CC5,taken from DLV with 278 STs,TRUE,TRUE
82,ND,1000,18.89,40*,64*,548*,612*,19*,287*,"",fast,,CC93,CC93,"Tested up to DLV, none found",,
82,ND,2000,31.91,906*,64*,548*,612*,43*,586*,"",fast,,CC93,CC93,"Tested up to DLV, none found",,
82,ND,3000,44.64,453*,64*,548*,612*,43*,45*,"",fast,,CC93,CC93,"Tested up to DLV, none found",,
82,ND,4000,55.19,453*,64*,548*,612*,43*,55*,"",fast,,CC93,CC93,"Tested up to DLV, none found",,
82,ND,5000,61.64,453*,64*,548*,612*,43*,55*,32*,fast,,CC93,CC93,"Tested up to DLV, none found",,
82,ND,6000,61.64,453*,64*,548*,612*,43*,55*,32*,fast,,CC93,CC93,"Tested up to DLV, none found",,
82,ND,7000,61.64,453*,64*,548*,612*,43*,55*,32*,fast,,CC93,CC93,"Tested up to DLV, none found",,
82,ND,8000,62.48,453*,64*,548*,612*,43*,55*,32*,fast,,CC93,CC93,"Tested up to DLV, none found",,
82,ND,9000,68.79,453*,64*,548*,612*,43*,55,51*,fast,,CC93,CC93,"Tested up to DLV, none found",,
82,ND,10000,74.98,156*,64*,548*,612*,43,55,51*,fast,,CC93,CC93,"Tested up to DLV, none found",,
82,ND,1000,23.19,"",64*,"",6*,"",588*,"",hac,,CC93,CC93,"Tested up to DLV, none found",,
82,ND,2000,36.83,"",64*,"",6*,43*,588*,"",hac,,CC93,CC93,"Tested up to DLV, none found",,
82,ND,3000,50.2,156*,64*,"",6*,43*,107*,"",hac,,CC93,CC93,"Tested up to DLV, none found",,
82,ND,4000,62.49,156*,64*,"",6*,43*,55*,"",hac,,CC93,CC93,"Tested up to DLV, none found",,
82,ND,5000,65.92,156*,64*,"",6*,43*,55*,51*,hac,,CC93,CC93,"Tested up to DLV, none found",,
82,ND,6000,66.02,156*,64*,"",6*,43*,55*,51*,hac,,CC93,CC93,"Tested up to DLV, none found",,
82,ND,7000,78.42,156*,64*,"",6*,43*,55,51*,hac,,CC93,CC93,"Tested up to DLV, none found",,
82,ND,8000,78.77,156*,64*,"",6*,43*,55,51,hac,,CC93,CC93,"Tested up to DLV, none found",,
82,ND,9000,79.03,156*,64*,"",6*,43*,55,51,hac,,CC93,CC93,"Tested up to DLV, none found",,
82,ND,10000,79.16,156*,64*,"",6*,43,55,51,hac,,CC93,CC93,"Tested up to DLV, none found",,
82,ND,1000,45.08,"",64*,"",125*,43*,55,"",sup,CC93,CC93,CC93,taken from DLV with 11 STs,TRUE,TRUE
82,ND,2000,46.15,"",64*,"",125*,43*,55,"",sup,CC93,CC93,CC93,taken from DLV with 11 STs,TRUE,TRUE
82,ND,3000,59.5,6*,64*,"",125*,43*,55,"",sup,CC93,CC93,CC93,taken from DLV with 5 STs,TRUE,TRUE
82,ND,4000,59.68,6*,64*,39*,125*,43*,55,"",sup,CC93,CC93,CC93,taken from DLV with 5 STs,TRUE,TRUE
82,ND,5000,63.68,6*,64*,39*,125*,43*,55,51*,sup,CC93,CC93,CC93,taken from DLV with 4 STs,TRUE,TRUE
82,ND,6000,63.68,6*,64*,39*,125*,43*,55,51*,sup,CC93,CC93,CC93,taken from DLV with 4 STs,TRUE,TRUE
82,ND,7000,74.57,6*,64*,39*,125*,43*,55,51,sup,CC93,CC93,CC93,taken from DLV with 4 STs,TRUE,TRUE
82,ND,8000,74.95,6*,64*,39*,125*,43,55,51,sup,CC93,CC93,CC93,taken from DLV with 4 STs,TRUE,TRUE
82,ND,9000,75.24,6*,64*,39*,125*,43,55,51,sup,CC93,CC93,CC93,taken from DLV with 4 STs,TRUE,TRUE
82,ND,10000,75.24,6*,64*,39*,125*,43,55,51,sup,CC93,CC93,CC93,taken from DLV with 4 STs,TRUE,TRUE
89,ND,1000,13.72,442*,49*,"","",431*,30*,390*,fast,,CC5,CC5,"Tested up to DLV, none found",,
89,ND,2000,13.79,442*,49*,"","",743*,30*,390*,fast,,CC5,CC5,"Tested up to DLV, none found",,
89,ND,3000,23.32,30*,49*,"","",499*,91*,390*,fast,,CC5,CC5,"Tested up to DLV, none found",,
89,ND,4000,31.68,30*,49*,"",482*,25*,91*,978*,fast,,CC5,CC5,"Tested up to DLV, none found",,
89,ND,5000,45.71,30*,306*,"",482*,25*,1*,978*,fast,,CC5,CC5,"Tested up to DLV, none found",,
89,ND,6000,45.9,30*,306*,278*,482*,25*,1*,978*,fast,,CC5,CC5,"Tested up to DLV, none found",,
89,ND,7000,52.56,30*,49*,278*,669*,25*,1*,978*,fast,,CC5,CC5,"Tested up to DLV, none found",,
89,ND,8000,54.61,30,49*,278*,669*,25*,1*,10*,fast,,CC5,CC5,"Tested up to DLV, none found",,
89,ND,9000,67.41,30,49*,13*,669*,25*,1*,10*,fast,,CC5,CC5,"Tested up to DLV, none found",,
89,ND,10000,67.41,30,49*,13*,669*,25*,1*,10*,fast,,CC5,CC5,"Tested up to DLV, none found",,
89,ND,1000,14.61,373*,631*,"","","",99*,10*,hac,,CC5,CC5,"Tested up to DLV, none found",,
89,ND,2000,14.65,373*,250*,"","",395*,99*,10*,hac,,CC5,CC5,"Tested up to DLV, none found",,
89,ND,3000,29.13,631*,47*,"","",25*,91*,10*,hac,,CC5,CC5,"Tested up to DLV, none found",,
89,ND,4000,37.03,631*,736*,"",114*,25*,91*,10*,hac,,CC5,CC5,"Tested up to DLV, none found",,
89,ND,5000,49.88,1*,736*,"",114*,378*,1,10*,hac,,CC5,CC5,"Tested up to DLV, none found",,
89,ND,6000,55.07,1*,736*,"",4*,25*,1,10*,hac,,CC5,CC5,"Tested up to DLV, none found",,
89,ND,7000,55.88,1,736*,"",4*,378*,1,10,hac,,CC5,CC5,"Tested up to DLV, none found",,
89,ND,8000,59.02,1,736*,"",4*,73*,1,10,hac,CC5,CC5,CC5,taken from DLV with 2 STs,TRUE,TRUE
89,ND,9000,71.54,1,736*,445*,4*,5*,1,10,hac,CC5,CC5,CC5,taken from DLV with 1 STs,TRUE,TRUE
89,ND,10000,71.64,1,302*,445*,4*,5*,1,10,hac,CC5,CC5,CC5,taken from DLV with 1 STs,TRUE,TRUE
89,ND,1000,15.57,373*,202*,"","","",99*,10*,sup,,CC5,CC5,"Tested up to DLV, none found",,
89,ND,2000,15.96,373*,202*,"","",25*,91*,10*,sup,,CC5,CC5,"Tested up to DLV, none found",,
89,ND,3000,29,33*,202*,"","",25*,91*,10*,sup,,CC5,CC5,"Tested up to DLV, none found",,
89,ND,4000,30.65,631*,49*,"","",25*,91*,978*,sup,,CC5,CC5,"Tested up to DLV, none found",,
89,ND,5000,42.77,1*,49*,"","",25*,1,978*,sup,,CC5,CC5,"Tested up to DLV, none found",,
89,ND,6000,55.55,1*,49*,"",618*,25*,1,978*,sup,,CC5,CC5,"Tested up to DLV, none found",,
89,ND,7000,55.91,1,49*,"",618*,25*,1,10,sup,,CC5,CC5,"Tested up to DLV, none found",,
89,ND,8000,80.31,1,49*,837*,4*,662*,1,10,sup,CC5,CC5,CC5,taken from DLV with 1 STs,TRUE,TRUE
89,ND,9000,80.31,1,49*,837*,4*,662*,1,10,sup,CC5,CC5,CC5,taken from DLV with 1 STs,TRUE,TRUE
89,ND,10000,80.34,1,49*,837*,4*,662*,1,10,sup,CC5,CC5,CC5,taken from DLV with 1 STs,TRUE,TRUE
9,ND,1000,35.41,710*,"",528*,253*,123*,"","",fast,,CC1,CC1,"Tested up to DLV, none found",,
9,ND,2000,38.51,862*,127*,528*,253*,123*,154*,"",fast,,CC1,CC1,"Tested up to DLV, none found",,
9,ND,3000,51.52,862*,127*,528*,253*,123*,1*,"",fast,,CC1,CC1,"Tested up to DLV, none found",,
9,ND,4000,51.55,862*,127*,528*,253*,123*,1*,"",fast,,CC1,CC1,"Tested up to DLV, none found",,
9,ND,5000,55.75,484,127*,463*,253*,66*,1*,"",fast,,CC1,CC1,"Tested up to DLV, none found",,
9,ND,6000,56.07,862*,324*,1*,253*,66*,1,"",fast,,CC1,CC1,"Tested up to DLV, none found",,
9,ND,7000,56.13,862*,132*,1*,253*,66*,1,"",fast,,CC1,CC1,"Tested up to DLV, none found",,
9,ND,8000,67.04,862*,132*,1*,181*,66*,1,"",fast,,CC1,CC1,"Tested up to DLV, none found",,
9,ND,9000,77.54,862*,164*,1,181*,66*,1,"",fast,,CC1,CC1,"Tested up to DLV, none found",,
9,ND,10000,77.6,484,164*,1,181*,66*,1,"",fast,,CC1,CC1,"Tested up to DLV, none found",,
9,ND,1000,34.74,61*,71*,126*,"",184*,"","",hac,,CC1,CC1,"Tested up to DLV, none found",,
9,ND,2000,40.6,61*,868*,1*,62*,184*,45*,"",hac,,CC1,CC1,"Tested up to DLV, none found",,
9,ND,3000,53.52,1,302*,1*,79*,184*,1,"",hac,,CC1,CC1,"Tested up to DLV, none found",,
9,ND,4000,53.55,1,302*,1*,79*,844*,1,"",hac,,CC1,CC1,"Tested up to DLV, none found",,
9,ND,5000,63.07,1,302*,1*,79*,184*,1,798*,hac,,CC1,CC1,"Tested up to DLV, none found",,
9,ND,6000,63.23,1,302*,1*,79*,184*,1,798*,hac,,CC1,CC1,"Tested up to DLV, none found",,
9,ND,7000,63.43,1,302*,1*,79*,184*,1,798*,hac,,CC1,CC1,"Tested up to DLV, none found",,
9,ND,8000,86.06,1,666*,1,65*,184*,1,798*,hac,,CC1,CC1,"Tested up to DLV, none found",,
9,ND,9000,86.25,1,1081*,1,65*,184*,1,798*,hac,,CC1,CC1,"Tested up to DLV, none found",,
9,ND,10000,90.24,1,1081*,1,65*,1,1,798*,hac,,CC1,CC1,"Tested up to DLV, none found",,
9,ND,1000,36.93,710*,1001*,126*,60*,1*,"","",sup,,CC1,CC1,"Tested up to DLV, none found",,
9,ND,2000,54.47,1,302*,1,60*,1*,1*,"",sup,,CC1,CC1,"Tested up to DLV, none found",,
9,ND,3000,54.87,1,302*,1,79*,1*,1*,"",sup,CC5,CC1,CC1,taken from DLV with 2 STs,FALSE,TRUE
9,ND,4000,54.87,1,302*,1,79*,1*,1*,"",sup,CC5,CC1,CC1,taken from DLV with 2 STs,FALSE,TRUE
9,ND,5000,55.43,1,302*,1,79*,1*,1,"",sup,CC5,CC1,CC1,taken from DLV with 2 STs,FALSE,TRUE
9,ND,6000,55.63,1,302*,1,79*,1*,1,"",sup,CC5,CC1,CC1,taken from DLV with 2 STs,FALSE,TRUE
9,ND,7000,55.63,1,302*,1,79*,1*,1,"",sup,CC5,CC1,CC1,taken from DLV with 2 STs,FALSE,TRUE
9,ND,8000,92.66,1,317*,1,65*,1*,1,1089*,sup,,CC1,CC1,"Tested up to DLV, none found",,
9,ND,9000,93.24,1,317*,1,65*,1*,1,1089*,sup,,CC1,CC1,"Tested up to DLV, none found",,
9,ND,10000,97.65,1,1,1,65*,1*,1,1089*,sup,CC1,CC1,CC1,taken from DLV with 1 STs,TRUE,TRUE
90,ND,1000,20.25,"",534*,"",420*,"",495*,296*,fast,,CC1,CC1,"Tested up to DLV, none found",,
90,ND,2000,20.51,"",534*,"",420*,"",495*,296*,fast,,CC1,CC1,"Tested up to DLV, none found",,
90,ND,3000,23.53,271*,160*,"",420*,"",1*,296*,fast,,CC1,CC1,"Tested up to DLV, none found",,
90,ND,4000,40.97,161*,160*,"",420*,34*,438*,296*,fast,,CC1,CC1,"Tested up to DLV, none found",,
90,ND,5000,49.33,914*,160*,"",420*,980*,438*,314*,fast,,CC1,CC1,"Tested up to DLV, none found",,
90,ND,6000,62.5,914*,160*,"",420*,980*,438*,12*,fast,,CC1,CC1,"Tested up to DLV, none found",,
90,ND,7000,62.7,914*,1168*,"",420*,980*,438*,12*,fast,,CC1,CC1,"Tested up to DLV, none found",,
90,ND,8000,70.09,914*,1168*,110*,420*,980*,438*,12*,fast,,CC1,CC1,"Tested up to DLV, none found",,
90,ND,9000,70.44,1*,1168*,110*,420*,980*,1*,12*,fast,,CC1,CC1,"Tested up to DLV, none found",,
90,ND,10000,71.92,1*,1168*,110*,420*,1,1*,12*,fast,,CC1,CC1,"Tested up to DLV, none found",,
90,ND,1000,11.58,"",50*,"","",874*,927*,"",hac,,CC1,CC1,"Tested up to DLV, none found",,
90,ND,2000,11.68,"",72*,"","",874*,927*,"",hac,,CC1,CC1,"Tested up to DLV, none found",,
90,ND,3000,13.66,271*,72*,"","",874*,1,"",hac,,CC1,CC1,"Tested up to DLV, none found",,
90,ND,4000,36.97,118*,818*,"","",180*,1,145*,hac,,CC1,CC1,"Tested up to DLV, none found",,
90,ND,5000,53.84,1*,87*,104*,"",136*,1,145*,hac,,CC1,CC1,"Tested up to DLV, none found",,
90,ND,6000,69.03,1*,87*,104*,"",136*,1,1*,hac,,CC1,CC1,"Tested up to DLV, none found",,
90,ND,7000,69.25,1*,87*,104*,"",136*,1,1*,hac,,CC1,CC1,"Tested up to DLV, none found",,
90,ND,8000,71.76,1,87*,104*,62*,136*,1,1*,hac,,CC1,CC1,"Tested up to DLV, none found",,
90,ND,9000,71.96,1,87*,104*,62*,1,1,1*,hac,,CC1,CC1,"Tested up to DLV, none found",,
90,ND,10000,83.07,1,87*,104*,1*,1,1,1*,hac,CC1,CC1,CC1,taken from DLV with 180 STs,TRUE,TRUE
90,ND,1000,24.37,132*,286*,"",1*,675*,927*,296*,sup,,CC1,CC1,"Tested up to DLV, none found",,
90,ND,2000,24.55,132*,345*,"",1*,632*,927*,296*,sup,,CC1,CC1,"Tested up to DLV, none found",,
90,ND,3000,26.12,132*,302*,"",1*,632*,1,296*,sup,,CC1,CC1,"Tested up to DLV, none found",,
90,ND,4000,40.55,132*,302*,"",1*,664*,1,296*,sup,,CC1,CC1,"Tested up to DLV, none found",,
90,ND,5000,69.37,484*,302*,2*,1*,1,1,1*,sup,CC1,CC1,CC1,taken from DLV with 1 STs,TRUE,TRUE
90,ND,6000,69.37,484*,302*,2*,1*,1,1,1*,sup,CC1,CC1,CC1,taken from DLV with 1 STs,TRUE,TRUE
90,ND,7000,69.5,484*,87*,2*,1*,1,1,1*,sup,CC1,CC1,CC1,taken from DLV with 1 STs,TRUE,TRUE
90,ND,8000,79.89,1,87*,166*,1*,1,1,1*,sup,CC1,CC1,CC1,taken from DLV with 180 STs,TRUE,TRUE
90,ND,9000,79.95,1,87*,166*,1*,1,1,1*,sup,CC1,CC1,CC1,taken from DLV with 180 STs,TRUE,TRUE
90,ND,10000,80.44,1,87*,166*,1,1,1,1*,sup,CC1,CC1,CC1,taken from DLV with 180 STs,TRUE,TRUE
