barcode,resolution,basecall_method,reads,predicted_MLST.CC,predicted_MLST.ST,predicted_mecA,predicted_pvl,shared_hashes,MLST.CC,CC_filled,predicted_mlst_is_single,predicted_cc_is_correct,predicted_st_is_correct,predicted_mlst_is_correct
10,1k,fast,4000,CC5,6,MRSA,PVL*,162,CC6,CC6,TRUE,FALSE,TRUE,TRUE
10,1k,fast,5000,CC5,6,"MRSA,MSSA",PVL*,140,CC6,CC6,TRUE,FALSE,TRUE,TRUE
10,1k,fast,8000,CC5,6,MRSA,PVL*,113,CC6,CC6,TRUE,FALSE,TRUE,TRUE
10,1k,hac,6000,CC5,6,MRSA,PVL*,170,CC6,CC6,TRUE,FALSE,TRUE,TRUE
10,1k,hac,7000,CC5,6,MRSA,PVL*,160,CC6,CC6,TRUE,FALSE,TRUE,TRUE
10,1k,hac,8000,CC5,6,MRSA,PVL*,144,CC6,CC6,TRUE,FALSE,TRUE,TRUE
10,1k,sup,8000,CC5,6,MRSA,PVL*,170,CC6,CC6,TRUE,FALSE,TRUE,TRUE
10,1k,fast,7000,CC5,6,MRSA,PVL*,119,CC6,CC6,TRUE,FALSE,TRUE,TRUE
10,1k,fast,1000,CC5,6,MSSA,PVL*,297,CC6,CC6,TRUE,FALSE,TRUE,TRUE
10,1k,fast,2000,CC5,6,MSSA,PVL*,246,CC6,CC6,TRUE,FALSE,TRUE,TRUE
10,1k,fast,3000,CC5,6,MRSA,PVL*,192,CC6,CC6,TRUE,FALSE,TRUE,TRUE
10,1k,fast,6000,CC5,6,MRSA,PVL*,127,CC6,CC6,TRUE,FALSE,TRUE,TRUE
10,1k,hac,1000,CC5,6,MSSA,PVL*,364,CC6,CC6,TRUE,FALSE,TRUE,TRUE
10,1k,hac,2000,CC5,6,MSSA,PVL*,318,CC6,CC6,TRUE,FALSE,TRUE,TRUE
10,1k,hac,3000,CC5,6,MRSA,PVL*,258,CC6,CC6,TRUE,FALSE,TRUE,TRUE
10,1k,hac,4000,CC5,6,MRSA,PVL*,220,CC6,CC6,TRUE,FALSE,TRUE,TRUE
10,1k,hac,5000,CC5,6,MRSA,PVL*,190,CC6,CC6,TRUE,FALSE,TRUE,TRUE
10,1k,sup,1000,CC5,6,MSSA,PVL*,424,CC6,CC6,TRUE,FALSE,TRUE,TRUE
10,1k,sup,2000,CC5,6,MSSA,PVL*,364,CC6,CC6,TRUE,FALSE,TRUE,TRUE
10,1k,sup,3000,CC5,6,"MSSA,MRSA",PVL*,298,CC6,CC6,TRUE,FALSE,TRUE,TRUE
10,1k,sup,4000,CC5,6,MSSA,PVL*,255,CC6,CC6,TRUE,FALSE,TRUE,TRUE
10,1k,sup,5000,CC5,6,MRSA,PVL*,233,CC6,CC6,TRUE,FALSE,TRUE,TRUE
10,1k,sup,6000,CC5,6,MRSA,PVL*,208,CC6,CC6,TRUE,FALSE,TRUE,TRUE
10,1k,sup,7000,CC5,6,MRSA,PVL*,186,CC6,CC6,TRUE,FALSE,TRUE,TRUE
10,10k,fast,1000,CC5,6,MSSA,PVL*,2823,CC6,CC6,TRUE,FALSE,TRUE,TRUE
10,10k,fast,2000,CC5,6,MSSA,PVL*,2268,CC6,CC6,TRUE,FALSE,TRUE,TRUE
10,10k,fast,3000,CC5,6,MSSA,PVL*,1823,CC6,CC6,TRUE,FALSE,TRUE,TRUE
10,10k,fast,4000,CC5,6,MSSA,PVL*,1504,CC6,CC6,TRUE,FALSE,TRUE,TRUE
10,10k,fast,5000,CC5,6,MSSA,PVL*,1301,CC6,CC6,TRUE,FALSE,TRUE,TRUE
10,10k,fast,6000,CC5,6,MRSA,PVL*,1186,CC6,CC6,TRUE,FALSE,TRUE,TRUE
10,10k,fast,7000,CC5,6,MRSA,PVL*,1074,CC6,CC6,TRUE,FALSE,TRUE,TRUE
10,10k,fast,8000,CC5,6,MRSA,PVL*,990,CC6,CC6,TRUE,FALSE,TRUE,TRUE
10,10k,hac,1000,CC5,6,MSSA,PVL*,3558,CC6,CC6,TRUE,FALSE,TRUE,TRUE
10,10k,hac,2000,CC5,6,MSSA,PVL*,3030,CC6,CC6,TRUE,FALSE,TRUE,TRUE
10,10k,hac,3000,CC5,6,MSSA,PVL*,2486,CC6,CC6,TRUE,FALSE,TRUE,TRUE
10,10k,hac,4000,CC5,6,MSSA,PVL*,2067,CC6,CC6,TRUE,FALSE,TRUE,TRUE
10,10k,hac,5000,CC5,6,MSSA,PVL*,1795,CC6,CC6,TRUE,FALSE,TRUE,TRUE
10,10k,hac,6000,CC5,6,MSSA,PVL*,1595,CC6,CC6,TRUE,FALSE,TRUE,TRUE
10,10k,hac,7000,CC5,6,MSSA,PVL*,1456,CC6,CC6,TRUE,FALSE,TRUE,TRUE
10,10k,hac,8000,CC5,6,MSSA,PVL*,1345,CC6,CC6,TRUE,FALSE,TRUE,TRUE
10,10k,sup,1000,CC5,6,MSSA,PVL*,4074,CC6,CC6,TRUE,FALSE,TRUE,TRUE
10,10k,sup,2000,CC5,6,MSSA,PVL*,3445,CC6,CC6,TRUE,FALSE,TRUE,TRUE
10,10k,sup,3000,CC5,6,MSSA,PVL*,2917,CC6,CC6,TRUE,FALSE,TRUE,TRUE
10,10k,sup,4000,CC5,6,MSSA,PVL*,2480,CC6,CC6,TRUE,FALSE,TRUE,TRUE
10,10k,sup,5000,CC5,6,MSSA,PVL*,2215,CC6,CC6,TRUE,FALSE,TRUE,TRUE
10,10k,sup,6000,CC5,6,MSSA,PVL*,1994,CC6,CC6,TRUE,FALSE,TRUE,TRUE
10,10k,sup,7000,CC5,6,MSSA,PVL*,1803,CC6,CC6,TRUE,FALSE,TRUE,TRUE
10,10k,sup,8000,CC5,6,MSSA,PVL*,1653,CC6,CC6,TRUE,FALSE,TRUE,TRUE
17,1k,fast,1000,CC1,474,MSSA,PVL*,310,CC1,CC1,TRUE,TRUE,FALSE,TRUE
17,1k,fast,2000,CC1,1,MRSA,PVL*,244,CC1,CC1,TRUE,TRUE,TRUE,TRUE
17,1k,fast,3000,CC1,"1,2418",MSSA,PVL*,193,CC1,CC1,TRUE,TRUE,TRUE,TRUE
17,1k,fast,4000,CC1,1,MSSA,PVL*,171,CC1,CC1,TRUE,TRUE,TRUE,TRUE
17,1k,fast,5000,CC1,1,MRSA,PVL*,144,CC1,CC1,TRUE,TRUE,TRUE,TRUE
17,1k,fast,6000,CC1,1,MSSA,PVL*,122,CC1,CC1,TRUE,TRUE,TRUE,TRUE
17,1k,fast,7000,CC1,1,MRSA,PVL*,115,CC1,CC1,TRUE,TRUE,TRUE,TRUE
17,1k,fast,8000,CC1,1,MSSA,PVL*,102,CC1,CC1,TRUE,TRUE,TRUE,TRUE
17,1k,hac,1000,CC1,1,MRSA,PVL*,387,CC1,CC1,TRUE,TRUE,TRUE,TRUE
17,1k,hac,2000,CC1,1,"MSSA,MRSA",PVL*,316,CC1,CC1,TRUE,TRUE,TRUE,TRUE
17,1k,hac,3000,CC1,1,MRSA,PVL*,250,CC1,CC1,TRUE,TRUE,TRUE,TRUE
17,1k,hac,4000,CC1,"1,3",MSSA,PVL*,213,CC1,CC1,TRUE,TRUE,TRUE,TRUE
17,1k,hac,5000,CC1,1,MSSA,PVL*,195,CC1,CC1,TRUE,TRUE,TRUE,TRUE
17,1k,hac,6000,CC1,1,MSSA,PVL*,176,CC1,CC1,TRUE,TRUE,TRUE,TRUE
17,1k,hac,7000,CC1,1,MRSA,PVL*,157,CC1,CC1,TRUE,TRUE,TRUE,TRUE
17,1k,hac,8000,CC1,1,MSSA,PVL*,140,CC1,CC1,TRUE,TRUE,TRUE,TRUE
17,1k,sup,1000,CC1,1,MSSA,PVL*,417,CC1,CC1,TRUE,TRUE,TRUE,TRUE
17,1k,sup,2000,CC1,1,MSSA,PVL*,347,CC1,CC1,TRUE,TRUE,TRUE,TRUE
17,1k,sup,3000,CC1,1,MSSA,PVL*,301,CC1,CC1,TRUE,TRUE,TRUE,TRUE
17,1k,sup,4000,CC1,1,MRSA,"PVL+,PVL*",252,CC1,CC1,TRUE,TRUE,TRUE,TRUE
17,1k,sup,5000,CC1,3,MSSA,PVL*,228,CC1,CC1,TRUE,TRUE,FALSE,TRUE
17,1k,sup,6000,CC1,1,MSSA,PVL*,204,CC1,CC1,TRUE,TRUE,TRUE,TRUE
17,1k,sup,7000,CC1,1,MSSA,PVL*,192,CC1,CC1,TRUE,TRUE,TRUE,TRUE
17,1k,sup,8000,CC1,1,MSSA,PVL*,176,CC1,CC1,TRUE,TRUE,TRUE,TRUE
17,10k,fast,1000,CC1,1,MRSA,PVL*,2798,CC1,CC1,TRUE,TRUE,TRUE,TRUE
17,10k,fast,2000,CC1,1,MSSA,PVL*,2193,CC1,CC1,TRUE,TRUE,TRUE,TRUE
17,10k,fast,3000,CC1,1,MSSA,PVL*,1812,CC1,CC1,TRUE,TRUE,TRUE,TRUE
17,10k,fast,4000,CC1,1,MRSA,PVL*,1509,CC1,CC1,TRUE,TRUE,TRUE,TRUE
17,10k,fast,5000,CC1,1,MSSA,"PVL*,PVL+",1321,CC1,CC1,TRUE,TRUE,TRUE,TRUE
17,10k,fast,6000,CC1,1,MSSA,"PVL*,PVL+",1189,CC1,CC1,TRUE,TRUE,TRUE,TRUE
17,10k,fast,7000,CC1,"1,474",MSSA,PVL*,1074,CC1,CC1,TRUE,TRUE,TRUE,TRUE
17,10k,fast,8000,CC1,1,MSSA,PVL*,993,CC1,CC1,TRUE,TRUE,TRUE,TRUE
17,10k,hac,1000,CC1,1,MRSA,PVL*,3514,CC1,CC1,TRUE,TRUE,TRUE,TRUE
17,10k,hac,2000,CC1,1,MSSA,PVL*,2827,CC1,CC1,TRUE,TRUE,TRUE,TRUE
17,10k,hac,3000,CC1,1,MSSA,PVL*,2296,CC1,CC1,TRUE,TRUE,TRUE,TRUE
17,10k,hac,4000,CC1,1,MSSA,PVL*,1984,CC1,CC1,TRUE,TRUE,TRUE,TRUE
17,10k,hac,5000,CC1,1,MSSA,PVL*,1772,CC1,CC1,TRUE,TRUE,TRUE,TRUE
17,10k,hac,6000,CC1,1,MRSA,PVL*,1588,CC1,CC1,TRUE,TRUE,TRUE,TRUE
17,10k,hac,7000,CC1,1,MSSA,PVL*,1429,CC1,CC1,TRUE,TRUE,TRUE,TRUE
17,10k,hac,8000,CC1,1,MSSA,PVL+,1316,CC1,CC1,TRUE,TRUE,TRUE,TRUE
17,10k,sup,1000,CC1,1,MRSA,PVL*,3988,CC1,CC1,TRUE,TRUE,TRUE,TRUE
17,10k,sup,2000,CC1,1,MRSA,PVL*,3244,CC1,CC1,TRUE,TRUE,TRUE,TRUE
17,10k,sup,3000,CC1,1,MRSA,PVL+,2674,CC1,CC1,TRUE,TRUE,TRUE,TRUE
17,10k,sup,4000,CC1,1,MSSA,PVL*,2330,CC1,CC1,TRUE,TRUE,TRUE,TRUE
17,10k,sup,5000,CC1,1,MSSA,PVL*,2100,CC1,CC1,TRUE,TRUE,TRUE,TRUE
17,10k,sup,6000,CC1,1,MSSA,PVL*,1911,CC1,CC1,TRUE,TRUE,TRUE,TRUE
17,10k,sup,7000,CC1,1,"MRSA,MSSA",PVL*,1742,CC1,CC1,TRUE,TRUE,TRUE,TRUE
17,10k,sup,8000,CC1,"1,474","MRSA,MSSA",PVL*,1593,CC1,CC1,TRUE,TRUE,TRUE,TRUE
18,1k,fast,4000,CC8,72,MRSA,PVL*,173,CC72,CC72,TRUE,FALSE,TRUE,TRUE
18,1k,fast,5000,CC8,72,MRSA,PVL*,150,CC72,CC72,TRUE,FALSE,TRUE,TRUE
18,1k,fast,6000,CC8,72,MRSA,PVL*,131,CC72,CC72,TRUE,FALSE,TRUE,TRUE
18,1k,fast,7000,CC8,72,MRSA,PVL*,121,CC72,CC72,TRUE,FALSE,TRUE,TRUE
18,1k,fast,1000,CC8,72,MSSA,PVL*,296,CC72,CC72,TRUE,FALSE,TRUE,TRUE
18,1k,fast,2000,CC8,72,MSSA,PVL*,240,CC72,CC72,TRUE,FALSE,TRUE,TRUE
18,1k,fast,3000,"CC8,CC3448","72,3448",MSSA,PVL*,192,CC72,CC72,FALSE,FALSE,TRUE,TRUE
18,1k,fast,8000,CC8,72,MSSA,PVL*,112,CC72,CC72,TRUE,FALSE,TRUE,TRUE
18,1k,hac,1000,CC8,72,MSSA,PVL*,373,CC72,CC72,TRUE,FALSE,TRUE,TRUE
18,1k,hac,2000,CC8,72,MSSA,PVL*,310,CC72,CC72,TRUE,FALSE,TRUE,TRUE
18,1k,hac,3000,"CC8,CC3448","72,3448",MSSA,PVL*,255,CC72,CC72,FALSE,FALSE,TRUE,TRUE
18,1k,hac,4000,CC8,72,MRSA,PVL*,223,CC72,CC72,TRUE,FALSE,TRUE,TRUE
18,1k,hac,5000,CC8,72,MRSA,PVL*,192,CC72,CC72,TRUE,FALSE,TRUE,TRUE
18,1k,hac,6000,CC8,72,MRSA,PVL*,177,CC72,CC72,TRUE,FALSE,TRUE,TRUE
18,1k,hac,7000,CC8,72,MRSA,PVL*,164,CC72,CC72,TRUE,FALSE,TRUE,TRUE
18,1k,hac,8000,CC8,72,MRSA,PVL*,147,CC72,CC72,TRUE,FALSE,TRUE,TRUE
18,1k,sup,1000,CC8,72,MSSA,PVL*,415,CC72,CC72,TRUE,FALSE,TRUE,TRUE
18,1k,sup,2000,CC8,72,MSSA,PVL*,350,CC72,CC72,TRUE,FALSE,TRUE,TRUE
18,1k,sup,3000,CC8,72,MSSA,PVL*,298,CC72,CC72,TRUE,FALSE,TRUE,TRUE
18,1k,sup,4000,CC3448,3448,MSSA,PVL*,271,CC72,CC72,TRUE,FALSE,FALSE,FALSE
18,1k,sup,5000,CC3448,3448,MSSA,PVL*,240,CC72,CC72,TRUE,FALSE,FALSE,FALSE
18,1k,sup,6000,CC8,72,MRSA,PVL*,212,CC72,CC72,TRUE,FALSE,TRUE,TRUE
18,1k,sup,7000,CC8,72,MRSA,PVL*,190,CC72,CC72,TRUE,FALSE,TRUE,TRUE
18,1k,sup,8000,CC8,72,MRSA,PVL*,179,CC72,CC72,TRUE,FALSE,TRUE,TRUE
18,10k,fast,1000,CC8,72,MSSA,PVL*,2918,CC72,CC72,TRUE,FALSE,TRUE,TRUE
18,10k,fast,2000,CC8,72,MSSA,PVL*,2246,CC72,CC72,TRUE,FALSE,TRUE,TRUE
18,10k,fast,3000,CC8,72,MSSA,PVL*,1816,CC72,CC72,TRUE,FALSE,TRUE,TRUE
18,10k,fast,4000,CC8,72,MSSA,PVL*,1544,CC72,CC72,TRUE,FALSE,TRUE,TRUE
18,10k,fast,5000,CC8,72,MSSA,PVL*,1341,CC72,CC72,TRUE,FALSE,TRUE,TRUE
18,10k,fast,6000,CC8,72,MSSA,PVL*,1186,CC72,CC72,TRUE,FALSE,TRUE,TRUE
18,10k,fast,7000,CC8,72,MSSA,PVL*,1060,CC72,CC72,TRUE,FALSE,TRUE,TRUE
18,10k,fast,8000,CC8,72,MRSA,PVL*,970,CC72,CC72,TRUE,FALSE,TRUE,TRUE
18,10k,hac,1000,CC8,72,MSSA,PVL*,3586,CC72,CC72,TRUE,FALSE,TRUE,TRUE
18,10k,hac,2000,CC8,72,MSSA,PVL*,2899,CC72,CC72,TRUE,FALSE,TRUE,TRUE
18,10k,hac,3000,CC8,72,MSSA,PVL*,2397,CC72,CC72,TRUE,FALSE,TRUE,TRUE
18,10k,hac,4000,CC8,72,MSSA,PVL*,2046,CC72,CC72,TRUE,FALSE,TRUE,TRUE
18,10k,hac,5000,CC8,72,MSSA,PVL*,1785,CC72,CC72,TRUE,FALSE,TRUE,TRUE
18,10k,hac,6000,CC8,72,MSSA,PVL*,1607,CC72,CC72,TRUE,FALSE,TRUE,TRUE
18,10k,hac,7000,CC8,72,MSSA,PVL*,1444,CC72,CC72,TRUE,FALSE,TRUE,TRUE
18,10k,hac,8000,CC8,72,MSSA,PVL*,1311,CC72,CC72,TRUE,FALSE,TRUE,TRUE
18,10k,sup,1000,CC8,72,MSSA,PVL*,4015,CC72,CC72,TRUE,FALSE,TRUE,TRUE
18,10k,sup,2000,CC8,72,MSSA,PVL*,3363,CC72,CC72,TRUE,FALSE,TRUE,TRUE
18,10k,sup,3000,CC8,72,MSSA,PVL*,2790,CC72,CC72,TRUE,FALSE,TRUE,TRUE
18,10k,sup,4000,CC8,72,MSSA,PVL*,2433,CC72,CC72,TRUE,FALSE,TRUE,TRUE
18,10k,sup,5000,CC8,72,MSSA,PVL*,2156,CC72,CC72,TRUE,FALSE,TRUE,TRUE
18,10k,sup,6000,CC8,72,MSSA,PVL*,1934,CC72,CC72,TRUE,FALSE,TRUE,TRUE
18,10k,sup,7000,CC8,72,MSSA,PVL*,1734,CC72,CC72,TRUE,FALSE,TRUE,TRUE
18,10k,sup,8000,CC8,72,MSSA,PVL*,1598,CC72,CC72,TRUE,FALSE,TRUE,TRUE
25,1k,fast,5000,CC8,"8,239","MSSA,MRSA",PVL*,165,CC8,CC8,TRUE,TRUE,TRUE,TRUE
25,1k,fast,6000,CC8,239,MRSA,PVL*,152,CC8,CC8,TRUE,TRUE,FALSE,TRUE
25,1k,fast,7000,CC8,8,MSSA,PVL*,126,CC8,CC8,TRUE,TRUE,TRUE,TRUE
25,1k,fast,8000,CC8,8,MSSA,PVL*,118,CC8,CC8,TRUE,TRUE,TRUE,TRUE
25,1k,hac,7000,CC8,"8,239","MSSA,MRSA",PVL*,169,CC8,CC8,TRUE,TRUE,TRUE,TRUE
25,1k,hac,8000,CC8,239,MRSA,PVL*,155,CC8,CC8,TRUE,TRUE,FALSE,TRUE
25,1k,fast,1000,CC8,239,MRSA,PVL*,306,CC8,CC8,TRUE,TRUE,FALSE,TRUE
25,1k,fast,2000,CC8,241,MRSA,PVL*,261,CC8,CC8,TRUE,TRUE,FALSE,TRUE
25,1k,fast,3000,CC8,239,MRSA,PVL*,220,CC8,CC8,TRUE,TRUE,FALSE,TRUE
25,1k,fast,4000,CC8,239,MRSA,PVL*,186,CC8,CC8,TRUE,TRUE,FALSE,TRUE
25,1k,hac,1000,CC8,239,MRSA,PVL*,376,CC8,CC8,TRUE,TRUE,FALSE,TRUE
25,1k,hac,2000,CC8,239,MRSA,PVL*,305,CC8,CC8,TRUE,TRUE,FALSE,TRUE
25,1k,hac,3000,CC8,241,MRSA,PVL*,263,CC8,CC8,TRUE,TRUE,FALSE,TRUE
25,1k,hac,4000,CC8,239,MRSA,PVL*,234,CC8,CC8,TRUE,TRUE,FALSE,TRUE
25,1k,hac,5000,CC8,239,MRSA,PVL*,211,CC8,CC8,TRUE,TRUE,FALSE,TRUE
25,1k,hac,6000,CC8,239,MRSA,PVL*,194,CC8,CC8,TRUE,TRUE,FALSE,TRUE
25,1k,sup,1000,CC8,239,MRSA,PVL*,422,CC8,CC8,TRUE,TRUE,FALSE,TRUE
25,1k,sup,2000,CC8,239,MRSA,PVL*,360,CC8,CC8,TRUE,TRUE,FALSE,TRUE
25,1k,sup,3000,CC8,239,MRSA,PVL*,320,CC8,CC8,TRUE,TRUE,FALSE,TRUE
25,1k,sup,4000,CC8,239,MRSA,PVL*,285,CC8,CC8,TRUE,TRUE,FALSE,TRUE
25,1k,sup,5000,CC8,239,MRSA,PVL*,260,CC8,CC8,TRUE,TRUE,FALSE,TRUE
25,1k,sup,6000,CC8,239,MRSA,PVL*,237,CC8,CC8,TRUE,TRUE,FALSE,TRUE
25,1k,sup,7000,CC8,239,MRSA,PVL*,211,CC8,CC8,TRUE,TRUE,FALSE,TRUE
25,1k,sup,8000,CC8,239,MRSA,PVL*,190,CC8,CC8,TRUE,TRUE,FALSE,TRUE
25,10k,fast,1000,CC8,239,MRSA,PVL*,2940,CC8,CC8,TRUE,TRUE,FALSE,TRUE
25,10k,fast,2000,CC8,239,MRSA,PVL*,2350,CC8,CC8,TRUE,TRUE,FALSE,TRUE
25,10k,fast,3000,CC8,239,MRSA,PVL*,1962,CC8,CC8,TRUE,TRUE,FALSE,TRUE
25,10k,fast,4000,CC8,239,MRSA,PVL*,1641,CC8,CC8,TRUE,TRUE,FALSE,TRUE
25,10k,fast,5000,CC8,239,MRSA,PVL*,1444,CC8,CC8,TRUE,TRUE,FALSE,TRUE
25,10k,fast,6000,CC8,239,MRSA,PVL*,1313,CC8,CC8,TRUE,TRUE,FALSE,TRUE
25,10k,fast,7000,CC8,239,MRSA,PVL*,1153,CC8,CC8,TRUE,TRUE,FALSE,TRUE
25,10k,fast,8000,CC8,239,MRSA,PVL*,1016,CC8,CC8,TRUE,TRUE,FALSE,TRUE
25,10k,hac,1000,CC8,239,MRSA,PVL*,3644,CC8,CC8,TRUE,TRUE,FALSE,TRUE
25,10k,hac,2000,CC8,239,MRSA,PVL*,2990,CC8,CC8,TRUE,TRUE,FALSE,TRUE
25,10k,hac,3000,CC8,239,MRSA,PVL*,2556,CC8,CC8,TRUE,TRUE,FALSE,TRUE
25,10k,hac,4000,CC8,239,MRSA,PVL*,2213,CC8,CC8,TRUE,TRUE,FALSE,TRUE
25,10k,hac,5000,CC8,239,MRSA,PVL*,1984,CC8,CC8,TRUE,TRUE,FALSE,TRUE
25,10k,hac,6000,CC8,239,MRSA,PVL*,1807,CC8,CC8,TRUE,TRUE,FALSE,TRUE
25,10k,hac,7000,CC8,239,MRSA,PVL*,1548,CC8,CC8,TRUE,TRUE,FALSE,TRUE
25,10k,hac,8000,CC8,239,MRSA,PVL*,1381,CC8,CC8,TRUE,TRUE,FALSE,TRUE
25,10k,sup,1000,CC8,239,MRSA,PVL*,4032,CC8,CC8,TRUE,TRUE,FALSE,TRUE
25,10k,sup,2000,CC8,239,MRSA,PVL*,3384,CC8,CC8,TRUE,TRUE,FALSE,TRUE
25,10k,sup,3000,CC8,239,MRSA,PVL*,2939,CC8,CC8,TRUE,TRUE,FALSE,TRUE
25,10k,sup,4000,CC8,239,MRSA,PVL*,2611,CC8,CC8,TRUE,TRUE,FALSE,TRUE
25,10k,sup,5000,CC8,239,MRSA,PVL*,2373,CC8,CC8,TRUE,TRUE,FALSE,TRUE
25,10k,sup,6000,CC8,239,MRSA,PVL*,2163,CC8,CC8,TRUE,TRUE,FALSE,TRUE
25,10k,sup,7000,CC8,239,MRSA,PVL*,1900,CC8,CC8,TRUE,TRUE,FALSE,TRUE
25,10k,sup,8000,CC8,239,MRSA,PVL*,1671,CC8,CC8,TRUE,TRUE,FALSE,TRUE
26,1k,fast,1000,CC121,121,MSSA,PVL+,324,CC121,CC121,TRUE,TRUE,TRUE,TRUE
26,1k,fast,2000,CC121,121,MSSA,PVL+,260,CC121,CC121,TRUE,TRUE,TRUE,TRUE
26,1k,fast,3000,CC121,121,MSSA,PVL+,224,CC121,CC121,TRUE,TRUE,TRUE,TRUE
26,1k,fast,4000,CC121,121,MSSA,PVL+,192,CC121,CC121,TRUE,TRUE,TRUE,TRUE
26,1k,fast,5000,CC121,121,MSSA,PVL+,174,CC121,CC121,TRUE,TRUE,TRUE,TRUE
26,1k,fast,6000,CC121,123,MSSA,PVL*,150,CC121,CC121,TRUE,TRUE,FALSE,TRUE
26,1k,fast,7000,CC121,123,MSSA,PVL*,135,CC121,CC121,TRUE,TRUE,FALSE,TRUE
26,1k,fast,8000,CC121,123,MSSA,PVL*,126,CC121,CC121,TRUE,TRUE,FALSE,TRUE
26,1k,hac,1000,CC121,121,MSSA,PVL+,392,CC121,CC121,TRUE,TRUE,TRUE,TRUE
26,1k,hac,2000,CC121,121,MSSA,PVL+,332,CC121,CC121,TRUE,TRUE,TRUE,TRUE
26,1k,hac,3000,CC121,121,MSSA,PVL+,286,CC121,CC121,TRUE,TRUE,TRUE,TRUE
26,1k,hac,4000,CC121,121,MSSA,PVL+,260,CC121,CC121,TRUE,TRUE,TRUE,TRUE
26,1k,hac,5000,CC121,121,MSSA,PVL+,232,CC121,CC121,TRUE,TRUE,TRUE,TRUE
26,1k,hac,6000,CC121,121,MSSA,PVL+,209,CC121,CC121,TRUE,TRUE,TRUE,TRUE
26,1k,hac,7000,CC121,121,MSSA,PVL+,190,CC121,CC121,TRUE,TRUE,TRUE,TRUE
26,1k,hac,8000,CC121,121,MSSA,PVL+,171,CC121,CC121,TRUE,TRUE,TRUE,TRUE
26,1k,sup,1000,CC121,121,MSSA,PVL+,427,CC121,CC121,TRUE,TRUE,TRUE,TRUE
26,1k,sup,2000,CC121,121,MSSA,PVL+,380,CC121,CC121,TRUE,TRUE,TRUE,TRUE
26,1k,sup,3000,CC121,121,MSSA,PVL+,337,CC121,CC121,TRUE,TRUE,TRUE,TRUE
26,1k,sup,4000,CC121,121,MSSA,PVL+,295,CC121,CC121,TRUE,TRUE,TRUE,TRUE
26,1k,sup,5000,CC121,121,MSSA,PVL+,280,CC121,CC121,TRUE,TRUE,TRUE,TRUE
26,1k,sup,6000,CC121,121,MSSA,PVL+,257,CC121,CC121,TRUE,TRUE,TRUE,TRUE
26,1k,sup,7000,CC121,121,MSSA,PVL+,230,CC121,CC121,TRUE,TRUE,TRUE,TRUE
26,1k,sup,8000,CC121,121,MSSA,PVL+,213,CC121,CC121,TRUE,TRUE,TRUE,TRUE
26,10k,fast,1000,CC121,121,MSSA,PVL+,2872,CC121,CC121,TRUE,TRUE,TRUE,TRUE
26,10k,fast,2000,CC121,121,MSSA,PVL+,2372,CC121,CC121,TRUE,TRUE,TRUE,TRUE
26,10k,fast,3000,CC121,121,MSSA,PVL+,2014,CC121,CC121,TRUE,TRUE,TRUE,TRUE
26,10k,fast,4000,CC121,121,MSSA,PVL+,1730,CC121,CC121,TRUE,TRUE,TRUE,TRUE
26,10k,fast,5000,CC121,121,MSSA,PVL+,1508,CC121,CC121,TRUE,TRUE,TRUE,TRUE
26,10k,fast,6000,CC121,121,MSSA,PVL+,1351,CC121,CC121,TRUE,TRUE,TRUE,TRUE
26,10k,fast,7000,CC121,121,MSSA,PVL+,1241,CC121,CC121,TRUE,TRUE,TRUE,TRUE
26,10k,fast,8000,CC121,121,MSSA,PVL+,1111,CC121,CC121,TRUE,TRUE,TRUE,TRUE
26,10k,hac,1000,CC121,121,MSSA,PVL+,3621,CC121,CC121,TRUE,TRUE,TRUE,TRUE
26,10k,hac,2000,CC121,121,MSSA,PVL+,3087,CC121,CC121,TRUE,TRUE,TRUE,TRUE
26,10k,hac,3000,CC121,121,MSSA,PVL+,2602,CC121,CC121,TRUE,TRUE,TRUE,TRUE
26,10k,hac,4000,CC121,121,MSSA,PVL+,2294,CC121,CC121,TRUE,TRUE,TRUE,TRUE
26,10k,hac,5000,CC121,121,MSSA,PVL+,2069,CC121,CC121,TRUE,TRUE,TRUE,TRUE
26,10k,hac,6000,CC121,121,MSSA,PVL+,1872,CC121,CC121,TRUE,TRUE,TRUE,TRUE
26,10k,hac,7000,CC121,121,MSSA,PVL+,1680,CC121,CC121,TRUE,TRUE,TRUE,TRUE
26,10k,hac,8000,CC121,121,MSSA,PVL+,1521,CC121,CC121,TRUE,TRUE,TRUE,TRUE
26,10k,sup,1000,CC121,121,MSSA,PVL+,4095,CC121,CC121,TRUE,TRUE,TRUE,TRUE
26,10k,sup,2000,CC121,121,MSSA,PVL+,3561,CC121,CC121,TRUE,TRUE,TRUE,TRUE
26,10k,sup,3000,CC121,121,MSSA,PVL+,3058,CC121,CC121,TRUE,TRUE,TRUE,TRUE
26,10k,sup,4000,CC121,121,MSSA,PVL+,2693,CC121,CC121,TRUE,TRUE,TRUE,TRUE
26,10k,sup,5000,CC121,121,MSSA,PVL+,2432,CC121,CC121,TRUE,TRUE,TRUE,TRUE
26,10k,sup,6000,CC121,121,MSSA,PVL+,2231,CC121,CC121,TRUE,TRUE,TRUE,TRUE
26,10k,sup,7000,CC121,121,MSSA,PVL+,2046,CC121,CC121,TRUE,TRUE,TRUE,TRUE
26,10k,sup,8000,CC121,121,MSSA,PVL+,1883,CC121,CC121,TRUE,TRUE,TRUE,TRUE
33,1k,fast,1000,CC93,93,MRSA,PVL+,272,CC93,CC93,TRUE,TRUE,TRUE,TRUE
33,1k,fast,1037,CC93,93,MRSA,PVL+,266,CC93,CC93,TRUE,TRUE,TRUE,TRUE
33,1k,hac,1000,CC93,93,MRSA,PVL+,351,CC93,CC93,TRUE,TRUE,TRUE,TRUE
33,1k,hac,1105,CC93,93,MRSA,PVL+,338,CC93,CC93,TRUE,TRUE,TRUE,TRUE
33,1k,sup,1000,CC93,93,MRSA,PVL+,396,CC93,CC93,TRUE,TRUE,TRUE,TRUE
33,1k,sup,1055,CC93,93,MRSA,PVL+,394,CC93,CC93,TRUE,TRUE,TRUE,TRUE
33,10k,fast,1000,CC93,93,"MSSA,MRSA",PVL+,2563,CC93,CC93,TRUE,TRUE,TRUE,TRUE
33,10k,fast,1037,CC93,93,MRSA,PVL+,2521,CC93,CC93,TRUE,TRUE,TRUE,TRUE
33,10k,hac,1000,CC93,93,MSSA,PVL+,3312,CC93,CC93,TRUE,TRUE,TRUE,TRUE
33,10k,hac,1105,CC93,93,MSSA,PVL+,3163,CC93,CC93,TRUE,TRUE,TRUE,TRUE
33,10k,sup,1000,CC93,93,MSSA,PVL+,3783,CC93,CC93,TRUE,TRUE,TRUE,TRUE
33,10k,sup,1055,CC93,93,MSSA,PVL+,3725,CC93,CC93,TRUE,TRUE,TRUE,TRUE
34,1k,fast,1000,CC8,8,MRSA,PVL+,269,CC8,CC8,TRUE,TRUE,TRUE,TRUE
34,1k,fast,2000,CC8,8,MSSA,PVL*,222,CC8,CC8,TRUE,TRUE,TRUE,TRUE
34,1k,fast,3000,CC8,8,MSSA,PVL*,178,CC8,CC8,TRUE,TRUE,TRUE,TRUE
34,1k,fast,4000,CC8,8,MSSA,PVL*,151,CC8,CC8,TRUE,TRUE,TRUE,TRUE
34,1k,fast,5000,CC8,8,MSSA,PVL*,133,CC8,CC8,TRUE,TRUE,TRUE,TRUE
34,1k,fast,6000,CC8,8,MSSA,PVL*,124,CC8,CC8,TRUE,TRUE,TRUE,TRUE
34,1k,fast,7000,CC8,8,MSSA,PVL*,106,CC8,CC8,TRUE,TRUE,TRUE,TRUE
34,1k,fast,8000,CC8,8,MRSA,PVL*,96,CC8,CC8,TRUE,TRUE,TRUE,TRUE
34,1k,hac,1000,CC8,8,MRSA,PVL*,333,CC8,CC8,TRUE,TRUE,TRUE,TRUE
34,1k,hac,2000,CC8,8,MSSA,PVL*,273,CC8,CC8,TRUE,TRUE,TRUE,TRUE
34,1k,hac,3000,CC8,8,MSSA,PVL*,229,CC8,CC8,TRUE,TRUE,TRUE,TRUE
34,1k,hac,4000,CC8,8,MSSA,PVL*,195,CC8,CC8,TRUE,TRUE,TRUE,TRUE
34,1k,hac,5000,CC8,8,MSSA,PVL*,177,CC8,CC8,TRUE,TRUE,TRUE,TRUE
34,1k,hac,6000,CC8,8,MSSA,PVL*,155,CC8,CC8,TRUE,TRUE,TRUE,TRUE
34,1k,hac,7000,CC8,8,MSSA,PVL*,142,CC8,CC8,TRUE,TRUE,TRUE,TRUE
34,1k,hac,8000,CC8,8,MSSA,PVL*,133,CC8,CC8,TRUE,TRUE,TRUE,TRUE
34,1k,sup,1000,CC8,8,MRSA,PVL+,387,CC8,CC8,TRUE,TRUE,TRUE,TRUE
34,1k,sup,2000,CC8,8,MSSA,PVL*,323,CC8,CC8,TRUE,TRUE,TRUE,TRUE
34,1k,sup,3000,CC8,8,MSSA,PVL*,266,CC8,CC8,TRUE,TRUE,TRUE,TRUE
34,1k,sup,4000,CC8,8,MSSA,PVL*,233,CC8,CC8,TRUE,TRUE,TRUE,TRUE
34,1k,sup,5000,CC8,8,MSSA,PVL*,207,CC8,CC8,TRUE,TRUE,TRUE,TRUE
34,1k,sup,6000,CC8,8,MSSA,PVL*,191,CC8,CC8,TRUE,TRUE,TRUE,TRUE
34,1k,sup,7000,CC8,8,MSSA,PVL*,172,CC8,CC8,TRUE,TRUE,TRUE,TRUE
34,1k,sup,8000,CC8,8,MSSA,PVL*,155,CC8,CC8,TRUE,TRUE,TRUE,TRUE
34,10k,fast,1000,CC8,8,MRSA,PVL+,2564,CC8,CC8,TRUE,TRUE,TRUE,TRUE
34,10k,fast,2000,CC8,8,MRSA,PVL+,2035,CC8,CC8,TRUE,TRUE,TRUE,TRUE
34,10k,fast,3000,CC8,8,MRSA,PVL+,1602,CC8,CC8,TRUE,TRUE,TRUE,TRUE
34,10k,fast,4000,CC8,8,MRSA,PVL+,1316,CC8,CC8,TRUE,TRUE,TRUE,TRUE
34,10k,fast,5000,CC8,8,MRSA,PVL+,1149,CC8,CC8,TRUE,TRUE,TRUE,TRUE
34,10k,fast,6000,CC8,8,MRSA,PVL+,1010,CC8,CC8,TRUE,TRUE,TRUE,TRUE
34,10k,fast,7000,CC8,8,MRSA,PVL+,915,CC8,CC8,TRUE,TRUE,TRUE,TRUE
34,10k,fast,8000,CC8,8,MRSA,PVL+,818,CC8,CC8,TRUE,TRUE,TRUE,TRUE
34,10k,hac,1000,CC8,8,MRSA,PVL+,3351,CC8,CC8,TRUE,TRUE,TRUE,TRUE
34,10k,hac,2000,CC8,8,MRSA,PVL+,2595,CC8,CC8,TRUE,TRUE,TRUE,TRUE
34,10k,hac,3000,CC8,8,MRSA,PVL+,2147,CC8,CC8,TRUE,TRUE,TRUE,TRUE
34,10k,hac,4000,CC8,8,MRSA,PVL+,1813,CC8,CC8,TRUE,TRUE,TRUE,TRUE
34,10k,hac,5000,CC8,8,MRSA,PVL+,1558,CC8,CC8,TRUE,TRUE,TRUE,TRUE
34,10k,hac,6000,CC8,8,MRSA,PVL+,1371,CC8,CC8,TRUE,TRUE,TRUE,TRUE
34,10k,hac,7000,CC8,8,MRSA,PVL+,1262,CC8,CC8,TRUE,TRUE,TRUE,TRUE
34,10k,hac,8000,CC8,8,MRSA,PVL+,1148,CC8,CC8,TRUE,TRUE,TRUE,TRUE
34,10k,sup,1000,CC8,8,MRSA,PVL+,3735,CC8,CC8,TRUE,TRUE,TRUE,TRUE
34,10k,sup,2000,CC8,8,MRSA,PVL+,3022,CC8,CC8,TRUE,TRUE,TRUE,TRUE
34,10k,sup,3000,CC8,8,MRSA,PVL+,2521,CC8,CC8,TRUE,TRUE,TRUE,TRUE
34,10k,sup,4000,CC8,8,MRSA,PVL+,2191,CC8,CC8,TRUE,TRUE,TRUE,TRUE
34,10k,sup,5000,CC8,8,MRSA,PVL+,1918,CC8,CC8,TRUE,TRUE,TRUE,TRUE
34,10k,sup,6000,CC8,8,MRSA,PVL+,1691,CC8,CC8,TRUE,TRUE,TRUE,TRUE
34,10k,sup,7000,CC8,8,MRSA,PVL+,1532,CC8,CC8,TRUE,TRUE,TRUE,TRUE
34,10k,sup,8000,CC8,8,MRSA,PVL+,1401,CC8,CC8,TRUE,TRUE,TRUE,TRUE
41,1k,fast,3000,CC8,239,MRSA,PVL*,169,CC8,CC8,TRUE,TRUE,FALSE,TRUE
41,1k,fast,4000,CC8,"8,239","MSSA,MRSA",PVL*,139,CC8,CC8,TRUE,TRUE,TRUE,TRUE
41,1k,fast,5000,CC8,8,MSSA,PVL*,124,CC8,CC8,TRUE,TRUE,TRUE,TRUE
41,1k,fast,6000,CC8,8,MSSA,PVL*,117,CC8,CC8,TRUE,TRUE,TRUE,TRUE
41,1k,fast,7000,CC8,"8,239","MSSA,MRSA",PVL*,99,CC8,CC8,TRUE,TRUE,TRUE,TRUE
41,1k,fast,8000,CC8,"8,239","MSSA,MRSA",PVL*,89,CC8,CC8,TRUE,TRUE,TRUE,TRUE
41,1k,hac,5000,CC8,"8,239","MSSA,MRSA",PVL*,168,CC8,CC8,TRUE,TRUE,TRUE,TRUE
41,1k,hac,6000,CC8,239,MRSA,PVL*,149,CC8,CC8,TRUE,TRUE,FALSE,TRUE
41,1k,hac,7000,CC8,8,MSSA,PVL*,134,CC8,CC8,TRUE,TRUE,TRUE,TRUE
41,1k,hac,8000,CC8,8,MSSA,PVL*,126,CC8,CC8,TRUE,TRUE,TRUE,TRUE
41,1k,sup,7000,CC8,239,MRSA,PVL*,167,CC8,CC8,TRUE,TRUE,FALSE,TRUE
41,1k,sup,8000,CC8,239,MRSA,PVL*,150,CC8,CC8,TRUE,TRUE,FALSE,TRUE
41,1k,fast,1000,CC8,239,MRSA,PVL*,295,CC8,CC8,TRUE,TRUE,FALSE,TRUE
41,1k,fast,2000,CC8,239,MRSA,PVL*,219,CC8,CC8,TRUE,TRUE,FALSE,TRUE
41,1k,hac,1000,CC8,239,MRSA,PVL*,347,CC8,CC8,TRUE,TRUE,FALSE,TRUE
41,1k,hac,2000,CC8,241,MRSA,PVL*,286,CC8,CC8,TRUE,TRUE,FALSE,TRUE
41,1k,hac,3000,CC8,239,MRSA,PVL*,230,CC8,CC8,TRUE,TRUE,FALSE,TRUE
41,1k,hac,4000,CC8,239,MRSA,PVL*,195,CC8,CC8,TRUE,TRUE,FALSE,TRUE
41,1k,sup,1000,CC8,239,MRSA,PVL*,386,CC8,CC8,TRUE,TRUE,FALSE,TRUE
41,1k,sup,2000,CC8,239,MRSA,PVL*,316,CC8,CC8,TRUE,TRUE,FALSE,TRUE
41,1k,sup,3000,CC8,241,MRSA,PVL*,259,CC8,CC8,TRUE,TRUE,FALSE,TRUE
41,1k,sup,4000,CC8,239,MRSA,PVL*,229,CC8,CC8,TRUE,TRUE,FALSE,TRUE
41,1k,sup,5000,CC8,239,MRSA,PVL*,202,CC8,CC8,TRUE,TRUE,FALSE,TRUE
41,1k,sup,6000,CC8,239,MRSA,PVL*,185,CC8,CC8,TRUE,TRUE,FALSE,TRUE
41,10k,fast,1000,CC8,239,MRSA,PVL*,2638,CC8,CC8,TRUE,TRUE,FALSE,TRUE
41,10k,fast,2000,CC8,239,MRSA,PVL*,2020,CC8,CC8,TRUE,TRUE,FALSE,TRUE
41,10k,fast,3000,CC8,239,MRSA,PVL*,1570,CC8,CC8,TRUE,TRUE,FALSE,TRUE
41,10k,fast,4000,CC8,239,MRSA,PVL*,1349,CC8,CC8,TRUE,TRUE,FALSE,TRUE
41,10k,fast,5000,CC8,239,MRSA,PVL*,1179,CC8,CC8,TRUE,TRUE,FALSE,TRUE
41,10k,fast,6000,CC8,239,MRSA,PVL*,1044,CC8,CC8,TRUE,TRUE,FALSE,TRUE
41,10k,fast,7000,CC8,239,MRSA,PVL*,931,CC8,CC8,TRUE,TRUE,FALSE,TRUE
41,10k,fast,8000,CC8,239,MRSA,PVL*,822,CC8,CC8,TRUE,TRUE,FALSE,TRUE
41,10k,hac,1000,CC8,239,MRSA,PVL*,3348,CC8,CC8,TRUE,TRUE,FALSE,TRUE
41,10k,hac,2000,CC8,239,MRSA,PVL*,2615,CC8,CC8,TRUE,TRUE,FALSE,TRUE
41,10k,hac,3000,CC8,239,MRSA,PVL*,2125,CC8,CC8,TRUE,TRUE,FALSE,TRUE
41,10k,hac,4000,CC8,239,MRSA,PVL*,1824,CC8,CC8,TRUE,TRUE,FALSE,TRUE
41,10k,hac,5000,CC8,239,MRSA,PVL*,1557,CC8,CC8,TRUE,TRUE,FALSE,TRUE
41,10k,hac,6000,CC8,239,MRSA,PVL*,1386,CC8,CC8,TRUE,TRUE,FALSE,TRUE
41,10k,hac,7000,CC8,239,MRSA,PVL*,1278,CC8,CC8,TRUE,TRUE,FALSE,TRUE
41,10k,hac,8000,CC8,239,MRSA,PVL*,1164,CC8,CC8,TRUE,TRUE,FALSE,TRUE
41,10k,sup,1000,CC8,239,MRSA,PVL*,3791,CC8,CC8,TRUE,TRUE,FALSE,TRUE
41,10k,sup,2000,CC8,239,MRSA,PVL*,3081,CC8,CC8,TRUE,TRUE,FALSE,TRUE
41,10k,sup,3000,CC8,239,MRSA,PVL*,2537,CC8,CC8,TRUE,TRUE,FALSE,TRUE
41,10k,sup,4000,CC8,239,MRSA,PVL*,2222,CC8,CC8,TRUE,TRUE,FALSE,TRUE
41,10k,sup,5000,CC8,239,MRSA,PVL*,1950,CC8,CC8,TRUE,TRUE,FALSE,TRUE
41,10k,sup,6000,CC8,239,MRSA,PVL*,1725,CC8,CC8,TRUE,TRUE,FALSE,TRUE
41,10k,sup,7000,CC8,239,MRSA,PVL*,1550,CC8,CC8,TRUE,TRUE,FALSE,TRUE
41,10k,sup,8000,CC8,239,MRSA,PVL*,1433,CC8,CC8,TRUE,TRUE,FALSE,TRUE
42,1k,fast,7000,CC12,12,MSSA,PVL*,99,CC12,CC12,TRUE,TRUE,TRUE,TRUE
42,1k,fast,8000,CC12,12,MSSA,PVL*,88,CC12,CC12,TRUE,TRUE,TRUE,TRUE
42,1k,hac,7000,CC12,12,MSSA,PVL*,142,CC12,CC12,TRUE,TRUE,TRUE,TRUE
42,1k,fast,5000,CC12,12,MSSA,PVL*,125,CC12,CC12,TRUE,TRUE,TRUE,TRUE
42,1k,fast,6000,CC12,12,MSSA,PVL*,110,CC12,CC12,TRUE,TRUE,TRUE,TRUE
42,1k,hac,8000,CC12,12,MSSA,PVL*,130,CC12,CC12,TRUE,TRUE,TRUE,TRUE
42,1k,fast,1000,CC1460,1460,MSSA,PVL*,311,CC12,CC12,TRUE,FALSE,FALSE,FALSE
42,1k,fast,2000,CC1460,1460,MSSA,PVL*,239,CC12,CC12,TRUE,FALSE,FALSE,FALSE
42,1k,fast,3000,CC12,12,MSSA,PVL*,181,CC12,CC12,TRUE,TRUE,TRUE,TRUE
42,1k,fast,4000,CC12,12,MSSA,PVL*,147,CC12,CC12,TRUE,TRUE,TRUE,TRUE
42,1k,hac,1000,CC1460,1460,MSSA,PVL*,363,CC12,CC12,TRUE,FALSE,FALSE,FALSE
42,1k,hac,2000,CC1460,1460,MSSA,PVL*,296,CC12,CC12,TRUE,FALSE,FALSE,FALSE
42,1k,hac,3000,CC1460,1460,MSSA,PVL*,240,CC12,CC12,TRUE,FALSE,FALSE,FALSE
42,1k,hac,4000,CC12,12,MSSA,PVL*,196,CC12,CC12,TRUE,TRUE,TRUE,TRUE
42,1k,hac,5000,CC12,12,MSSA,PVL*,177,CC12,CC12,TRUE,TRUE,TRUE,TRUE
42,1k,hac,6000,CC12,12,MSSA,PVL*,160,CC12,CC12,TRUE,TRUE,TRUE,TRUE
42,1k,sup,1000,CC12,12,MSSA,PVL*,402,CC12,CC12,TRUE,TRUE,TRUE,TRUE
42,1k,sup,2000,CC1460,1460,MSSA,PVL*,338,CC12,CC12,TRUE,FALSE,FALSE,FALSE
42,1k,sup,3000,CC1460,1460,MSSA,PVL*,285,CC12,CC12,TRUE,FALSE,FALSE,FALSE
42,1k,sup,4000,CC12,12,MSSA,PVL*,239,CC12,CC12,TRUE,TRUE,TRUE,TRUE
42,1k,sup,5000,CC12,12,MSSA,PVL*,205,CC12,CC12,TRUE,TRUE,TRUE,TRUE
42,1k,sup,6000,CC12,12,MSSA,PVL*,191,CC12,CC12,TRUE,TRUE,TRUE,TRUE
42,1k,sup,7000,CC12,12,MSSA,PVL*,166,CC12,CC12,TRUE,TRUE,TRUE,TRUE
42,1k,sup,8000,CC12,12,MSSA,PVL*,155,CC12,CC12,TRUE,TRUE,TRUE,TRUE
42,10k,fast,1000,CC12,12,MRSA,PVL*,2767,CC12,CC12,TRUE,TRUE,TRUE,TRUE
42,10k,fast,2000,CC12,12,MSSA,PVL*,2204,CC12,CC12,TRUE,TRUE,TRUE,TRUE
42,10k,fast,3000,CC12,12,MSSA,PVL*,1760,CC12,CC12,TRUE,TRUE,TRUE,TRUE
42,10k,fast,4000,CC12,12,MSSA,PVL*,1435,CC12,CC12,TRUE,TRUE,TRUE,TRUE
42,10k,fast,5000,CC12,12,MSSA,PVL*,1243,CC12,CC12,TRUE,TRUE,TRUE,TRUE
42,10k,fast,6000,CC12,12,MSSA,PVL*,1109,CC12,CC12,TRUE,TRUE,TRUE,TRUE
42,10k,fast,7000,CC12,12,MSSA,PVL*,981,CC12,CC12,TRUE,TRUE,TRUE,TRUE
42,10k,fast,8000,CC12,12,MSSA,PVL*,874,CC12,CC12,TRUE,TRUE,TRUE,TRUE
42,10k,hac,1000,CC12,12,MRSA,PVL*,3439,CC12,CC12,TRUE,TRUE,TRUE,TRUE
42,10k,hac,2000,CC12,12,MSSA,PVL*,2798,CC12,CC12,TRUE,TRUE,TRUE,TRUE
42,10k,hac,3000,CC12,12,MSSA,PVL*,2305,CC12,CC12,TRUE,TRUE,TRUE,TRUE
42,10k,hac,4000,CC12,12,MSSA,PVL*,1983,CC12,CC12,TRUE,TRUE,TRUE,TRUE
42,10k,hac,5000,CC12,12,MSSA,PVL*,1726,CC12,CC12,TRUE,TRUE,TRUE,TRUE
42,10k,hac,6000,CC12,12,MSSA,PVL*,1510,CC12,CC12,TRUE,TRUE,TRUE,TRUE
42,10k,hac,7000,CC12,12,MSSA,PVL*,1366,CC12,CC12,TRUE,TRUE,TRUE,TRUE
42,10k,hac,8000,CC12,12,MSSA,PVL*,1242,CC12,CC12,TRUE,TRUE,TRUE,TRUE
42,10k,sup,1000,CC12,12,MSSA,PVL*,3840,CC12,CC12,TRUE,TRUE,TRUE,TRUE
42,10k,sup,2000,CC12,12,MSSA,PVL*,3208,CC12,CC12,TRUE,TRUE,TRUE,TRUE
42,10k,sup,3000,CC12,12,MSSA,PVL*,2662,CC12,CC12,TRUE,TRUE,TRUE,TRUE
42,10k,sup,4000,CC12,12,MSSA,PVL*,2273,CC12,CC12,TRUE,TRUE,TRUE,TRUE
42,10k,sup,5000,CC12,12,MSSA,PVL*,1995,CC12,CC12,TRUE,TRUE,TRUE,TRUE
42,10k,sup,6000,CC12,12,MSSA,PVL*,1797,CC12,CC12,TRUE,TRUE,TRUE,TRUE
42,10k,sup,7000,CC12,12,MSSA,PVL*,1609,CC12,CC12,TRUE,TRUE,TRUE,TRUE
42,10k,sup,8000,CC12,12,MSSA,PVL*,1459,CC12,CC12,TRUE,TRUE,TRUE,TRUE
49,1k,hac,7000,CC101,101,MSSA,PVL*,134,CC101,CC101,TRUE,TRUE,TRUE,TRUE
49,1k,fast,1000,CC101,101,MSSA,PVL*,271,CC101,CC101,TRUE,TRUE,TRUE,TRUE
49,1k,fast,2000,CC101,101,MSSA,PVL*,212,CC101,CC101,TRUE,TRUE,TRUE,TRUE
49,1k,fast,3000,CC101,101,MSSA,PVL*,172,CC101,CC101,TRUE,TRUE,TRUE,TRUE
49,1k,fast,4000,CC101,101,MSSA,PVL*,140,CC101,CC101,TRUE,TRUE,TRUE,TRUE
49,1k,fast,5000,"CC101,CC1155","101,1155",MSSA,PVL*,123,CC101,CC101,FALSE,TRUE,TRUE,TRUE
49,1k,fast,6000,CC101,101,MSSA,PVL*,115,CC101,CC101,TRUE,TRUE,TRUE,TRUE
49,1k,fast,7000,CC101,101,MSSA,PVL*,98,CC101,CC101,TRUE,TRUE,TRUE,TRUE
49,1k,fast,8000,CC101,101,MSSA,PVL*,94,CC101,CC101,TRUE,TRUE,TRUE,TRUE
49,1k,hac,1000,CC101,101,MSSA,PVL*,342,CC101,CC101,TRUE,TRUE,TRUE,TRUE
49,1k,hac,2000,CC101,101,MSSA,PVL*,266,CC101,CC101,TRUE,TRUE,TRUE,TRUE
49,1k,hac,3000,CC1155,1155,MSSA,PVL*,225,CC101,CC101,TRUE,FALSE,FALSE,FALSE
49,1k,hac,4000,CC101,101,MSSA,PVL*,188,CC101,CC101,TRUE,TRUE,TRUE,TRUE
49,1k,hac,5000,CC101,101,MSSA,PVL*,163,CC101,CC101,TRUE,TRUE,TRUE,TRUE
49,1k,hac,6000,CC101,101,MSSA,PVL*,149,CC101,CC101,TRUE,TRUE,TRUE,TRUE
49,1k,hac,8000,CC101,101,MSSA,PVL*,126,CC101,CC101,TRUE,TRUE,TRUE,TRUE
49,1k,sup,1000,CC101,101,MSSA,PVL*,389,CC101,CC101,TRUE,TRUE,TRUE,TRUE
49,1k,sup,2000,CC101,101,MSSA,PVL*,316,CC101,CC101,TRUE,TRUE,TRUE,TRUE
49,1k,sup,3000,CC101,101,MSSA,PVL*,269,CC101,CC101,TRUE,TRUE,TRUE,TRUE
49,1k,sup,4000,CC101,101,MSSA,PVL*,231,CC101,CC101,TRUE,TRUE,TRUE,TRUE
49,1k,sup,5000,CC101,101,MSSA,PVL*,202,CC101,CC101,TRUE,TRUE,TRUE,TRUE
49,1k,sup,6000,CC101,101,MSSA,PVL*,179,CC101,CC101,TRUE,TRUE,TRUE,TRUE
49,1k,sup,7000,CC101,101,MSSA,PVL*,162,CC101,CC101,TRUE,TRUE,TRUE,TRUE
49,1k,sup,8000,CC101,101,MSSA,PVL*,150,CC101,CC101,TRUE,TRUE,TRUE,TRUE
49,10k,fast,1000,CC101,101,MSSA,PVL*,2565,CC101,CC101,TRUE,TRUE,TRUE,TRUE
49,10k,fast,2000,CC101,101,MSSA,PVL*,2030,CC101,CC101,TRUE,TRUE,TRUE,TRUE
49,10k,fast,3000,CC101,101,MSSA,PVL*,1683,CC101,CC101,TRUE,TRUE,TRUE,TRUE
49,10k,fast,4000,CC101,101,MSSA,PVL*,1391,CC101,CC101,TRUE,TRUE,TRUE,TRUE
49,10k,fast,5000,CC101,101,MSSA,PVL*,1229,CC101,CC101,TRUE,TRUE,TRUE,TRUE
49,10k,fast,6000,CC101,101,MSSA,PVL*,1062,CC101,CC101,TRUE,TRUE,TRUE,TRUE
49,10k,fast,7000,CC101,101,MSSA,PVL*,974,CC101,CC101,TRUE,TRUE,TRUE,TRUE
49,10k,fast,8000,CC101,101,MSSA,PVL*,892,CC101,CC101,TRUE,TRUE,TRUE,TRUE
49,10k,hac,1000,CC101,101,MSSA,PVL*,3264,CC101,CC101,TRUE,TRUE,TRUE,TRUE
49,10k,hac,2000,CC101,101,MSSA,PVL*,2632,CC101,CC101,TRUE,TRUE,TRUE,TRUE
49,10k,hac,3000,CC101,101,MSSA,PVL*,2203,CC101,CC101,TRUE,TRUE,TRUE,TRUE
49,10k,hac,4000,CC101,101,MSSA,PVL*,1880,CC101,CC101,TRUE,TRUE,TRUE,TRUE
49,10k,hac,5000,CC101,101,MSSA,PVL*,1643,CC101,CC101,TRUE,TRUE,TRUE,TRUE
49,10k,hac,6000,CC101,101,MSSA,PVL*,1453,CC101,CC101,TRUE,TRUE,TRUE,TRUE
49,10k,hac,7000,CC101,101,MSSA,PVL*,1317,CC101,CC101,TRUE,TRUE,TRUE,TRUE
49,10k,hac,8000,CC101,101,MSSA,PVL*,1235,CC101,CC101,TRUE,TRUE,TRUE,TRUE
49,10k,sup,1000,CC101,101,MSSA,PVL*,3724,CC101,CC101,TRUE,TRUE,TRUE,TRUE
49,10k,sup,2000,CC101,101,MSSA,PVL*,3012,CC101,CC101,TRUE,TRUE,TRUE,TRUE
49,10k,sup,3000,CC101,101,MSSA,PVL*,2539,CC101,CC101,TRUE,TRUE,TRUE,TRUE
49,10k,sup,4000,CC101,101,MSSA,PVL*,2215,CC101,CC101,TRUE,TRUE,TRUE,TRUE
49,10k,sup,5000,CC101,101,MSSA,PVL*,1966,CC101,CC101,TRUE,TRUE,TRUE,TRUE
49,10k,sup,6000,CC101,101,MSSA,PVL*,1758,CC101,CC101,TRUE,TRUE,TRUE,TRUE
49,10k,sup,7000,CC101,101,MSSA,PVL*,1596,CC101,CC101,TRUE,TRUE,TRUE,TRUE
49,10k,sup,8000,CC101,101,MSSA,PVL*,1481,CC101,CC101,TRUE,TRUE,TRUE,TRUE
50,1k,fast,7000,CC101,101,MSSA,PVL*,83,CC101,CC101,TRUE,TRUE,TRUE,TRUE
50,1k,fast,1000,CC1155,1155,MSSA,PVL*,266,CC101,CC101,TRUE,FALSE,FALSE,FALSE
50,1k,fast,2000,CC1155,1155,MSSA,PVL*,198,CC101,CC101,TRUE,FALSE,FALSE,FALSE
50,1k,fast,3000,CC101,101,MSSA,PVL*,159,CC101,CC101,TRUE,TRUE,TRUE,TRUE
50,1k,fast,4000,CC101,101,MSSA,PVL*,130,CC101,CC101,TRUE,TRUE,TRUE,TRUE
50,1k,fast,5000,CC101,101,MSSA,PVL*,113,CC101,CC101,TRUE,TRUE,TRUE,TRUE
50,1k,fast,6000,CC101,101,MSSA,PVL*,95,CC101,CC101,TRUE,TRUE,TRUE,TRUE
50,1k,fast,8000,"CC101,CC106","101,106",MSSA,PVL*,73,CC101,CC101,FALSE,TRUE,TRUE,TRUE
50,1k,hac,1000,"CC101,CC1155","101,1155",MSSA,PVL*,323,CC101,CC101,FALSE,TRUE,TRUE,TRUE
50,1k,hac,2000,CC101,101,MSSA,PVL*,253,CC101,CC101,TRUE,TRUE,TRUE,TRUE
50,1k,hac,3000,CC101,101,MSSA,PVL*,199,CC101,CC101,TRUE,TRUE,TRUE,TRUE
50,1k,hac,4000,CC101,101,MSSA,PVL*,163,CC101,CC101,TRUE,TRUE,TRUE,TRUE
50,1k,hac,5000,CC101,101,MSSA,PVL*,136,CC101,CC101,TRUE,TRUE,TRUE,TRUE
50,1k,hac,6000,"CC101,CC1155","101,1155",MSSA,PVL*,121,CC101,CC101,FALSE,TRUE,TRUE,TRUE
50,1k,hac,7000,CC101,101,MSSA,PVL*,114,CC101,CC101,TRUE,TRUE,TRUE,TRUE
50,1k,hac,8000,CC101,101,MSSA,PVL*,100,CC101,CC101,TRUE,TRUE,TRUE,TRUE
50,1k,sup,1000,CC101,101,MSSA,PVL*,371,CC101,CC101,TRUE,TRUE,TRUE,TRUE
50,1k,sup,2000,"CC101,CC1155","101,1155",MSSA,PVL*,292,CC101,CC101,FALSE,TRUE,TRUE,TRUE
50,1k,sup,3000,"CC101,CC1155","101,1155",MSSA,PVL*,245,CC101,CC101,FALSE,TRUE,TRUE,TRUE
50,1k,sup,4000,CC101,101,MSSA,PVL*,203,CC101,CC101,TRUE,TRUE,TRUE,TRUE
50,1k,sup,5000,CC101,101,MSSA,PVL*,179,CC101,CC101,TRUE,TRUE,TRUE,TRUE
50,1k,sup,6000,CC101,101,MSSA,PVL*,158,CC101,CC101,TRUE,TRUE,TRUE,TRUE
50,1k,sup,7000,CC101,101,MSSA,PVL*,140,CC101,CC101,TRUE,TRUE,TRUE,TRUE
50,1k,sup,8000,CC101,101,MSSA,PVL*,130,CC101,CC101,TRUE,TRUE,TRUE,TRUE
50,10k,fast,1000,CC101,101,MSSA,PVL*,2426,CC101,CC101,TRUE,TRUE,TRUE,TRUE
50,10k,fast,2000,CC101,101,MSSA,PVL*,1806,CC101,CC101,TRUE,TRUE,TRUE,TRUE
50,10k,fast,3000,CC101,101,MSSA,PVL*,1444,CC101,CC101,TRUE,TRUE,TRUE,TRUE
50,10k,fast,4000,CC101,101,MSSA,PVL*,1179,CC101,CC101,TRUE,TRUE,TRUE,TRUE
50,10k,fast,5000,CC101,101,MSSA,PVL*,997,CC101,CC101,TRUE,TRUE,TRUE,TRUE
50,10k,fast,6000,CC101,101,MSSA,PVL*,870,CC101,CC101,TRUE,TRUE,TRUE,TRUE
50,10k,fast,7000,CC101,101,MSSA,PVL*,774,CC101,CC101,TRUE,TRUE,TRUE,TRUE
50,10k,fast,8000,CC1155,1155,MSSA,PVL*,704,CC101,CC101,TRUE,FALSE,FALSE,FALSE
50,10k,hac,1000,CC101,101,MSSA,PVL*,3033,CC101,CC101,TRUE,TRUE,TRUE,TRUE
50,10k,hac,2000,CC101,101,MSSA,PVL*,2322,CC101,CC101,TRUE,TRUE,TRUE,TRUE
50,10k,hac,3000,CC101,101,MSSA,PVL*,1864,CC101,CC101,TRUE,TRUE,TRUE,TRUE
50,10k,hac,4000,CC101,101,MSSA,PVL*,1563,CC101,CC101,TRUE,TRUE,TRUE,TRUE
50,10k,hac,5000,CC101,101,MSSA,PVL*,1329,CC101,CC101,TRUE,TRUE,TRUE,TRUE
50,10k,hac,6000,CC101,101,MSSA,PVL*,1180,CC101,CC101,TRUE,TRUE,TRUE,TRUE
50,10k,hac,7000,CC101,101,MSSA,PVL*,1037,CC101,CC101,TRUE,TRUE,TRUE,TRUE
50,10k,hac,8000,CC101,101,MSSA,PVL*,962,CC101,CC101,TRUE,TRUE,TRUE,TRUE
50,10k,sup,1000,CC101,101,MSSA,PVL*,3417,CC101,CC101,TRUE,TRUE,TRUE,TRUE
50,10k,sup,2000,CC101,101,MSSA,PVL*,2672,CC101,CC101,TRUE,TRUE,TRUE,TRUE
50,10k,sup,3000,CC101,101,MSSA,PVL*,2229,CC101,CC101,TRUE,TRUE,TRUE,TRUE
50,10k,sup,4000,CC101,101,MSSA,PVL*,1877,CC101,CC101,TRUE,TRUE,TRUE,TRUE
50,10k,sup,5000,CC101,101,MSSA,PVL*,1634,CC101,CC101,TRUE,TRUE,TRUE,TRUE
50,10k,sup,6000,CC101,101,MSSA,PVL*,1443,CC101,CC101,TRUE,TRUE,TRUE,TRUE
50,10k,sup,7000,CC101,101,MSSA,PVL*,1301,CC101,CC101,TRUE,TRUE,TRUE,TRUE
50,10k,sup,8000,CC101,101,MSSA,PVL*,1218,CC101,CC101,TRUE,TRUE,TRUE,TRUE
57,1k,fast,6000,CC12,12,MSSA,PVL*,128,CC12,CC12,TRUE,TRUE,TRUE,TRUE
57,1k,fast,7000,CC12,12,MSSA,PVL*,116,CC12,CC12,TRUE,TRUE,TRUE,TRUE
57,1k,hac,8000,CC1,1,MSSA,PVL*,147,CC12,CC12,TRUE,FALSE,FALSE,FALSE
57,1k,fast,8000,CC12,12,MSSA,PVL*,108,CC12,CC12,TRUE,TRUE,TRUE,TRUE
57,1k,fast,1000,CC12,12,MSSA,PVL*,300,CC12,CC12,TRUE,TRUE,TRUE,TRUE
57,1k,fast,2000,CC1460,1460,MSSA,PVL*,244,CC12,CC12,TRUE,FALSE,FALSE,FALSE
57,1k,fast,3000,CC12,12,MSSA,PVL*,199,CC12,CC12,TRUE,TRUE,TRUE,TRUE
57,1k,fast,4000,CC12,12,MSSA,PVL*,168,CC12,CC12,TRUE,TRUE,TRUE,TRUE
57,1k,fast,5000,CC12,12,MSSA,PVL*,149,CC12,CC12,TRUE,TRUE,TRUE,TRUE
57,1k,hac,1000,CC12,12,MSSA,PVL*,363,CC12,CC12,TRUE,TRUE,TRUE,TRUE
57,1k,hac,2000,CC1460,1460,MSSA,PVL*,309,CC12,CC12,TRUE,FALSE,FALSE,FALSE
57,1k,hac,3000,CC1460,1460,MSSA,PVL*,273,CC12,CC12,TRUE,FALSE,FALSE,FALSE
57,1k,hac,4000,CC1460,1460,MSSA,PVL*,231,CC12,CC12,TRUE,FALSE,FALSE,FALSE
57,1k,hac,5000,CC12,12,MSSA,PVL*,196,CC12,CC12,TRUE,TRUE,TRUE,TRUE
57,1k,hac,6000,CC12,12,MSSA,PVL*,177,CC12,CC12,TRUE,TRUE,TRUE,TRUE
57,1k,hac,7000,CC12,12,MSSA,PVL*,161,CC12,CC12,TRUE,TRUE,TRUE,TRUE
57,1k,sup,1000,CC12,12,MSSA,PVL*,413,CC12,CC12,TRUE,TRUE,TRUE,TRUE
57,1k,sup,2000,CC1460,1460,MSSA,PVL*,361,CC12,CC12,TRUE,FALSE,FALSE,FALSE
57,1k,sup,3000,CC1460,1460,MSSA,PVL*,319,CC12,CC12,TRUE,FALSE,FALSE,FALSE
57,1k,sup,4000,CC1460,1460,MSSA,PVL*,275,CC12,CC12,TRUE,FALSE,FALSE,FALSE
57,1k,sup,5000,CC12,12,MSSA,PVL*,244,CC12,CC12,TRUE,TRUE,TRUE,TRUE
57,1k,sup,6000,CC1460,1460,MSSA,PVL*,217,CC12,CC12,TRUE,FALSE,FALSE,FALSE
57,1k,sup,7000,CC12,12,MSSA,PVL*,196,CC12,CC12,TRUE,TRUE,TRUE,TRUE
57,1k,sup,8000,CC12,12,MSSA,PVL*,184,CC12,CC12,TRUE,TRUE,TRUE,TRUE
57,10k,fast,1000,CC12,12,MSSA,PVL*,2924,CC12,CC12,TRUE,TRUE,TRUE,TRUE
57,10k,fast,2000,CC12,12,MSSA,PVL*,2313,CC12,CC12,TRUE,TRUE,TRUE,TRUE
57,10k,fast,3000,CC12,12,MSSA,PVL*,1937,CC12,CC12,TRUE,TRUE,TRUE,TRUE
57,10k,fast,4000,CC12,12,MSSA,PVL*,1649,CC12,CC12,TRUE,TRUE,TRUE,TRUE
57,10k,fast,5000,CC12,12,MSSA,PVL*,1412,CC12,CC12,TRUE,TRUE,TRUE,TRUE
57,10k,fast,6000,CC12,12,MSSA,PVL*,1262,CC12,CC12,TRUE,TRUE,TRUE,TRUE
57,10k,fast,7000,CC12,12,MSSA,PVL*,1150,CC12,CC12,TRUE,TRUE,TRUE,TRUE
57,10k,fast,8000,CC12,12,MSSA,PVL*,1058,CC12,CC12,TRUE,TRUE,TRUE,TRUE
57,10k,hac,1000,CC12,12,MRSA,PVL*,3562,CC12,CC12,TRUE,TRUE,TRUE,TRUE
57,10k,hac,2000,CC12,12,MSSA,PVL*,2969,CC12,CC12,TRUE,TRUE,TRUE,TRUE
57,10k,hac,3000,CC12,12,MSSA,PVL*,2537,CC12,CC12,TRUE,TRUE,TRUE,TRUE
57,10k,hac,4000,CC12,12,MSSA,PVL*,2213,CC12,CC12,TRUE,TRUE,TRUE,TRUE
57,10k,hac,5000,CC12,12,MSSA,PVL*,1942,CC12,CC12,TRUE,TRUE,TRUE,TRUE
57,10k,hac,6000,CC12,12,MSSA,PVL*,1739,CC12,CC12,TRUE,TRUE,TRUE,TRUE
57,10k,hac,7000,CC12,12,MSSA,PVL*,1569,CC12,CC12,TRUE,TRUE,TRUE,TRUE
57,10k,hac,8000,CC12,12,MSSA,PVL*,1439,CC12,CC12,TRUE,TRUE,TRUE,TRUE
57,10k,sup,1000,CC12,12,MRSA,PVL*,3986,CC12,CC12,TRUE,TRUE,TRUE,TRUE
57,10k,sup,2000,CC12,12,MSSA,PVL*,3433,CC12,CC12,TRUE,TRUE,TRUE,TRUE
57,10k,sup,3000,CC12,12,MSSA,PVL*,2951,CC12,CC12,TRUE,TRUE,TRUE,TRUE
57,10k,sup,4000,CC12,12,MSSA,PVL*,2595,CC12,CC12,TRUE,TRUE,TRUE,TRUE
57,10k,sup,5000,CC12,12,MSSA,PVL*,2308,CC12,CC12,TRUE,TRUE,TRUE,TRUE
57,10k,sup,6000,CC12,12,MSSA,PVL*,2097,CC12,CC12,TRUE,TRUE,TRUE,TRUE
57,10k,sup,7000,CC12,12,MSSA,PVL*,1931,CC12,CC12,TRUE,TRUE,TRUE,TRUE
57,10k,sup,8000,CC12,12,MSSA,PVL*,1788,CC12,CC12,TRUE,TRUE,TRUE,TRUE
58,1k,fast,1000,CC45,45,MRSA,PVL-,305,CC45,CC45,TRUE,TRUE,TRUE,TRUE
58,1k,fast,2000,CC45,45,MRSA,PVL-,258,CC45,CC45,TRUE,TRUE,TRUE,TRUE
58,1k,fast,3000,CC45,45,MRSA,PVL-,213,CC45,CC45,TRUE,TRUE,TRUE,TRUE
58,1k,fast,4000,CC45,45,MRSA,PVL-,195,CC45,CC45,TRUE,TRUE,TRUE,TRUE
58,1k,fast,5000,CC45,45,MRSA,PVL-,180,CC45,CC45,TRUE,TRUE,TRUE,TRUE
58,1k,fast,6000,CC45,45,MRSA,PVL-,158,CC45,CC45,TRUE,TRUE,TRUE,TRUE
58,1k,fast,7000,CC45,45,MRSA,PVL-,136,CC45,CC45,TRUE,TRUE,TRUE,TRUE
58,1k,fast,8000,CC45,45,MRSA,PVL-,128,CC45,CC45,TRUE,TRUE,TRUE,TRUE
58,1k,hac,1000,CC45,45,MRSA,PVL-,370,CC45,CC45,TRUE,TRUE,TRUE,TRUE
58,1k,hac,2000,CC45,45,MRSA,PVL-,349,CC45,CC45,TRUE,TRUE,TRUE,TRUE
58,1k,hac,3000,CC45,45,MRSA,PVL-,304,CC45,CC45,TRUE,TRUE,TRUE,TRUE
58,1k,hac,4000,CC45,45,MRSA,PVL-,265,CC45,CC45,TRUE,TRUE,TRUE,TRUE
58,1k,hac,5000,CC45,45,MRSA,PVL-,240,CC45,CC45,TRUE,TRUE,TRUE,TRUE
58,1k,hac,6000,CC45,45,MRSA,PVL-,221,CC45,CC45,TRUE,TRUE,TRUE,TRUE
58,1k,hac,7000,CC45,45,MRSA,PVL-,205,CC45,CC45,TRUE,TRUE,TRUE,TRUE
58,1k,hac,8000,CC45,45,MRSA,PVL-,193,CC45,CC45,TRUE,TRUE,TRUE,TRUE
58,1k,sup,1000,CC45,45,MRSA,PVL-,394,CC45,CC45,TRUE,TRUE,TRUE,TRUE
58,1k,sup,2000,CC45,45,MRSA,PVL-,386,CC45,CC45,TRUE,TRUE,TRUE,TRUE
58,1k,sup,3000,CC45,45,MRSA,PVL-,338,CC45,CC45,TRUE,TRUE,TRUE,TRUE
58,1k,sup,4000,CC45,45,MRSA,PVL-,311,CC45,CC45,TRUE,TRUE,TRUE,TRUE
58,1k,sup,5000,CC45,45,MRSA,PVL-,286,CC45,CC45,TRUE,TRUE,TRUE,TRUE
58,1k,sup,6000,CC45,45,MRSA,PVL-,259,CC45,CC45,TRUE,TRUE,TRUE,TRUE
58,1k,sup,7000,CC45,45,MRSA,PVL-,240,CC45,CC45,TRUE,TRUE,TRUE,TRUE
58,1k,sup,8000,CC45,45,MRSA,PVL-,228,CC45,CC45,TRUE,TRUE,TRUE,TRUE
58,10k,fast,1000,CC45,45,MRSA,PVL-,2838,CC45,CC45,TRUE,TRUE,TRUE,TRUE
58,10k,fast,2000,CC45,45,MRSA,PVL-,2415,CC45,CC45,TRUE,TRUE,TRUE,TRUE
58,10k,fast,3000,CC45,45,MRSA,PVL-,2037,CC45,CC45,TRUE,TRUE,TRUE,TRUE
58,10k,fast,4000,CC45,45,MRSA,PVL-,1778,CC45,CC45,TRUE,TRUE,TRUE,TRUE
58,10k,fast,5000,CC45,45,MRSA,PVL-,1574,CC45,CC45,TRUE,TRUE,TRUE,TRUE
58,10k,fast,6000,CC45,45,MRSA,PVL-,1410,CC45,CC45,TRUE,TRUE,TRUE,TRUE
58,10k,fast,7000,CC45,45,MRSA,PVL-,1279,CC45,CC45,TRUE,TRUE,TRUE,TRUE
58,10k,fast,8000,CC45,45,MRSA,PVL-,1193,CC45,CC45,TRUE,TRUE,TRUE,TRUE
58,10k,hac,1000,CC45,45,MRSA,PVL-,3617,CC45,CC45,TRUE,TRUE,TRUE,TRUE
58,10k,hac,2000,CC45,45,MRSA,PVL-,3141,CC45,CC45,TRUE,TRUE,TRUE,TRUE
58,10k,hac,3000,CC45,45,MRSA,PVL-,2717,CC45,CC45,TRUE,TRUE,TRUE,TRUE
58,10k,hac,4000,CC45,45,MRSA,PVL-,2388,CC45,CC45,TRUE,TRUE,TRUE,TRUE
58,10k,hac,5000,CC45,45,MRSA,PVL-,2133,CC45,CC45,TRUE,TRUE,TRUE,TRUE
58,10k,hac,6000,CC45,45,MRSA,PVL-,1935,CC45,CC45,TRUE,TRUE,TRUE,TRUE
58,10k,hac,7000,CC45,45,MRSA,PVL-,1769,CC45,CC45,TRUE,TRUE,TRUE,TRUE
58,10k,hac,8000,CC45,45,MRSA,PVL-,1639,CC45,CC45,TRUE,TRUE,TRUE,TRUE
58,10k,sup,1000,CC45,45,MSSA,PVL-,3932,CC45,CC45,TRUE,TRUE,TRUE,TRUE
58,10k,sup,2000,CC45,45,MRSA,PVL-,3563,CC45,CC45,TRUE,TRUE,TRUE,TRUE
58,10k,sup,3000,CC45,45,MRSA,PVL-,3132,CC45,CC45,TRUE,TRUE,TRUE,TRUE
58,10k,sup,4000,CC45,45,MRSA,PVL-,2780,CC45,CC45,TRUE,TRUE,TRUE,TRUE
58,10k,sup,5000,CC45,45,MRSA,PVL-,2515,CC45,CC45,TRUE,TRUE,TRUE,TRUE
58,10k,sup,6000,CC45,45,MRSA,PVL-,2296,CC45,CC45,TRUE,TRUE,TRUE,TRUE
58,10k,sup,7000,CC45,45,MRSA,PVL-,2117,CC45,CC45,TRUE,TRUE,TRUE,TRUE
58,10k,sup,8000,CC45,45,MRSA,PVL-,1970,CC45,CC45,TRUE,TRUE,TRUE,TRUE
65,1k,fast,6000,CC8,72,MRSA,PVL*,162,CC72,CC72,TRUE,FALSE,TRUE,TRUE
65,1k,fast,7000,CC8,72,"MRSA,MSSA",PVL*,139,CC72,CC72,TRUE,FALSE,TRUE,TRUE
65,1k,fast,1000,CC8,72,MSSA,PVL*,295,CC72,CC72,TRUE,FALSE,TRUE,TRUE
65,1k,fast,2000,CC8,72,MSSA,PVL*,266,CC72,CC72,TRUE,FALSE,TRUE,TRUE
65,1k,fast,3000,CC8,72,MSSA,PVL*,233,CC72,CC72,TRUE,FALSE,TRUE,TRUE
65,1k,fast,4000,CC8,72,"MRSA,MSSA",PVL*,211,CC72,CC72,TRUE,FALSE,TRUE,TRUE
65,1k,fast,5000,CC8,72,"MRSA,MSSA",PVL*,179,CC72,CC72,TRUE,FALSE,TRUE,TRUE
65,1k,fast,8000,CC8,72,MRSA,PVL*,125,CC72,CC72,TRUE,FALSE,TRUE,TRUE
65,1k,hac,1000,CC8,72,MSSA,PVL*,368,CC72,CC72,TRUE,FALSE,TRUE,TRUE
65,1k,hac,2000,CC8,72,MSSA,PVL*,335,CC72,CC72,TRUE,FALSE,TRUE,TRUE
65,1k,hac,3000,CC8,72,MSSA,PVL*,312,CC72,CC72,TRUE,FALSE,TRUE,TRUE
65,1k,hac,4000,CC8,72,MSSA,PVL*,281,CC72,CC72,TRUE,FALSE,TRUE,TRUE
65,1k,hac,5000,CC3448,3448,MSSA,PVL*,251,CC72,CC72,TRUE,FALSE,FALSE,FALSE
65,1k,hac,6000,CC8,72,MRSA,PVL*,222,CC72,CC72,TRUE,FALSE,TRUE,TRUE
65,1k,hac,7000,CC8,72,MRSA,PVL*,191,CC72,CC72,TRUE,FALSE,TRUE,TRUE
65,1k,hac,8000,CC8,72,MRSA,PVL*,177,CC72,CC72,TRUE,FALSE,TRUE,TRUE
65,1k,sup,1000,CC8,72,MSSA,PVL*,411,CC72,CC72,TRUE,FALSE,TRUE,TRUE
65,1k,sup,2000,CC8,72,MSSA,PVL*,383,CC72,CC72,TRUE,FALSE,TRUE,TRUE
65,1k,sup,3000,CC8,72,MSSA,PVL*,352,CC72,CC72,TRUE,FALSE,TRUE,TRUE
65,1k,sup,4000,CC8,72,MSSA,PVL*,322,CC72,CC72,TRUE,FALSE,TRUE,TRUE
65,1k,sup,5000,CC8,72,MSSA,PVL*,288,CC72,CC72,TRUE,FALSE,TRUE,TRUE
65,1k,sup,6000,CC3448,3448,MSSA,PVL*,257,CC72,CC72,TRUE,FALSE,FALSE,FALSE
65,1k,sup,7000,CC8,72,MRSA,PVL*,228,CC72,CC72,TRUE,FALSE,TRUE,TRUE
65,1k,sup,8000,CC8,72,MRSA,PVL*,202,CC72,CC72,TRUE,FALSE,TRUE,TRUE
65,10k,fast,1000,CC8,72,MSSA,PVL*,2945,CC72,CC72,TRUE,FALSE,TRUE,TRUE
65,10k,fast,2000,CC8,72,MSSA,PVL*,2558,CC72,CC72,TRUE,FALSE,TRUE,TRUE
65,10k,fast,3000,CC8,72,MSSA,PVL*,2260,CC72,CC72,TRUE,FALSE,TRUE,TRUE
65,10k,fast,4000,CC8,72,MSSA,PVL*,2039,CC72,CC72,TRUE,FALSE,TRUE,TRUE
65,10k,fast,5000,CC8,72,MSSA,PVL*,1796,CC72,CC72,TRUE,FALSE,TRUE,TRUE
65,10k,fast,6000,CC8,72,MSSA,PVL*,1555,CC72,CC72,TRUE,FALSE,TRUE,TRUE
65,10k,fast,7000,CC8,72,MSSA,PVL*,1385,CC72,CC72,TRUE,FALSE,TRUE,TRUE
65,10k,fast,8000,CC8,72,MSSA,PVL*,1226,CC72,CC72,TRUE,FALSE,TRUE,TRUE
65,10k,hac,1000,CC8,72,MSSA,PVL*,3558,CC72,CC72,TRUE,FALSE,TRUE,TRUE
65,10k,hac,2000,CC8,72,MSSA,PVL*,3238,CC72,CC72,TRUE,FALSE,TRUE,TRUE
65,10k,hac,3000,CC8,72,MSSA,PVL*,2909,CC72,CC72,TRUE,FALSE,TRUE,TRUE
65,10k,hac,4000,CC8,72,MSSA,PVL*,2630,CC72,CC72,TRUE,FALSE,TRUE,TRUE
65,10k,hac,5000,CC8,72,MSSA,PVL*,2353,CC72,CC72,TRUE,FALSE,TRUE,TRUE
65,10k,hac,6000,CC8,72,MSSA,PVL*,2087,CC72,CC72,TRUE,FALSE,TRUE,TRUE
65,10k,hac,7000,CC8,72,MSSA,PVL*,1841,CC72,CC72,TRUE,FALSE,TRUE,TRUE
65,10k,hac,8000,CC8,72,MSSA,PVL*,1657,CC72,CC72,TRUE,FALSE,TRUE,TRUE
65,10k,sup,1000,CC8,72,MSSA,PVL*,3868,CC72,CC72,TRUE,FALSE,TRUE,TRUE
65,10k,sup,2000,CC8,72,MSSA,PVL*,3712,CC72,CC72,TRUE,FALSE,TRUE,TRUE
65,10k,sup,3000,CC8,72,MSSA,PVL*,3394,CC72,CC72,TRUE,FALSE,TRUE,TRUE
65,10k,sup,4000,CC8,72,MSSA,PVL*,3088,CC72,CC72,TRUE,FALSE,TRUE,TRUE
65,10k,sup,5000,CC8,72,MSSA,PVL*,2766,CC72,CC72,TRUE,FALSE,TRUE,TRUE
65,10k,sup,6000,CC8,72,MSSA,PVL*,2448,CC72,CC72,TRUE,FALSE,TRUE,TRUE
65,10k,sup,7000,CC8,72,MSSA,PVL*,2197,CC72,CC72,TRUE,FALSE,TRUE,TRUE
65,10k,sup,8000,CC8,72,MSSA,PVL*,1985,CC72,CC72,TRUE,FALSE,TRUE,TRUE
66,1k,fast,1000,CC5,5,MRSA,PVL+,303,CC5,CC5,TRUE,TRUE,TRUE,TRUE
66,1k,fast,2000,CC5,4682,MRSA,PVL+,280,CC5,CC5,TRUE,TRUE,FALSE,TRUE
66,1k,fast,3000,CC5,225,MRSA,PVL*,253,CC5,CC5,TRUE,TRUE,FALSE,TRUE
66,1k,fast,4000,CC5,225,MRSA,PVL*,217,CC5,CC5,TRUE,TRUE,FALSE,TRUE
66,1k,fast,5000,CC5,"228,1178",MRSA,PVL*,190,CC5,CC5,TRUE,TRUE,FALSE,TRUE
66,1k,fast,6000,CC5,228,MRSA,PVL*,180,CC5,CC5,TRUE,TRUE,FALSE,TRUE
66,1k,fast,7000,CC5,228,MRSA,PVL*,168,CC5,CC5,TRUE,TRUE,FALSE,TRUE
66,1k,fast,8000,CC5,228,MRSA,PVL*,148,CC5,CC5,TRUE,TRUE,FALSE,TRUE
66,1k,hac,1000,CC5,225,MRSA,PVL*,344,CC5,CC5,TRUE,TRUE,FALSE,TRUE
66,1k,hac,2000,CC5,1178,MRSA,PVL*,346,CC5,CC5,TRUE,TRUE,FALSE,TRUE
66,1k,hac,3000,CC5,225,MRSA,PVL*,316,CC5,CC5,TRUE,TRUE,FALSE,TRUE
66,1k,hac,4000,CC5,225,MRSA,PVL*,287,CC5,CC5,TRUE,TRUE,FALSE,TRUE
66,1k,hac,5000,CC5,225,MRSA,PVL*,254,CC5,CC5,TRUE,TRUE,FALSE,TRUE
66,1k,hac,6000,CC5,225,MRSA,PVL*,234,CC5,CC5,TRUE,TRUE,FALSE,TRUE
66,1k,hac,7000,CC5,225,MRSA,PVL*,212,CC5,CC5,TRUE,TRUE,FALSE,TRUE
66,1k,hac,8000,CC5,"225,228",MRSA,PVL*,197,CC5,CC5,TRUE,TRUE,FALSE,TRUE
66,1k,sup,1000,CC5,225,MRSA,PVL*,372,CC5,CC5,TRUE,TRUE,FALSE,TRUE
66,1k,sup,3000,CC5,225,MRSA,PVL*,365,CC5,CC5,TRUE,TRUE,FALSE,TRUE
66,1k,sup,4000,CC5,225,MRSA,PVL*,330,CC5,CC5,TRUE,TRUE,FALSE,TRUE
66,1k,sup,5000,CC5,225,MRSA,PVL*,309,CC5,CC5,TRUE,TRUE,FALSE,TRUE
66,1k,sup,6000,CC5,225,MRSA,PVL*,292,CC5,CC5,TRUE,TRUE,FALSE,TRUE
66,1k,sup,7000,CC5,225,MRSA,PVL*,273,CC5,CC5,TRUE,TRUE,FALSE,TRUE
66,1k,sup,8000,CC5,"225,1178,3410",MRSA,PVL*,245,CC5,CC5,TRUE,TRUE,FALSE,TRUE
66,10k,fast,1000,CC5,5,MRSA,PVL+,2941,CC5,CC5,TRUE,TRUE,TRUE,TRUE
66,10k,fast,2000,CC5,5,MRSA,PVL+,2600,CC5,CC5,TRUE,TRUE,TRUE,TRUE
66,10k,fast,3000,CC5,5,MRSA,PVL+,2297,CC5,CC5,TRUE,TRUE,TRUE,TRUE
66,10k,fast,4000,CC5,5,MRSA,PVL+,2072,CC5,CC5,TRUE,TRUE,TRUE,TRUE
66,10k,fast,5000,CC5,5,MRSA,PVL+,1858,CC5,CC5,TRUE,TRUE,TRUE,TRUE
66,10k,fast,6000,CC5,5,MRSA,PVL+,1674,CC5,CC5,TRUE,TRUE,TRUE,TRUE
66,10k,fast,7000,CC5,5,MRSA,PVL+,1548,CC5,CC5,TRUE,TRUE,TRUE,TRUE
66,10k,fast,8000,CC5,5,MRSA,PVL+,1368,CC5,CC5,TRUE,TRUE,TRUE,TRUE
66,10k,hac,1000,CC5,5,MRSA,PVL+,3386,CC5,CC5,TRUE,TRUE,TRUE,TRUE
66,10k,hac,2000,CC5,5,MRSA,PVL+,3300,CC5,CC5,TRUE,TRUE,TRUE,TRUE
66,10k,hac,3000,CC5,5,MRSA,PVL+,2979,CC5,CC5,TRUE,TRUE,TRUE,TRUE
66,10k,hac,4000,CC5,5,MRSA,PVL+,2638,CC5,CC5,TRUE,TRUE,TRUE,TRUE
66,10k,hac,5000,CC5,5,MRSA,PVL+,2399,CC5,CC5,TRUE,TRUE,TRUE,TRUE
66,10k,hac,6000,CC5,5,MRSA,PVL+,2219,CC5,CC5,TRUE,TRUE,TRUE,TRUE
66,10k,hac,7000,CC5,5,MRSA,PVL+,2046,CC5,CC5,TRUE,TRUE,TRUE,TRUE
66,10k,hac,8000,CC5,5,MRSA,PVL+,1898,CC5,CC5,TRUE,TRUE,TRUE,TRUE
66,10k,sup,1000,CC5,5,MRSA,PVL+,3673,CC5,CC5,TRUE,TRUE,TRUE,TRUE
66,10k,sup,2000,CC5,5,MRSA,PVL+,3729,CC5,CC5,TRUE,TRUE,TRUE,TRUE
66,10k,sup,3000,CC5,5,MRSA,PVL+,3401,CC5,CC5,TRUE,TRUE,TRUE,TRUE
66,10k,sup,4000,CC5,5,MRSA,PVL+,3072,CC5,CC5,TRUE,TRUE,TRUE,TRUE
66,10k,sup,5000,CC5,5,MRSA,PVL+,2812,CC5,CC5,TRUE,TRUE,TRUE,TRUE
66,10k,sup,6000,CC5,5,MRSA,PVL+,2581,CC5,CC5,TRUE,TRUE,TRUE,TRUE
66,10k,sup,7000,CC5,5,MRSA,PVL+,2434,CC5,CC5,TRUE,TRUE,TRUE,TRUE
66,10k,sup,8000,CC5,5,MRSA,PVL+,2239,CC5,CC5,TRUE,TRUE,TRUE,TRUE
66,1k,sup,2000,CC5,225,MRSA,PVL*,395,CC5,CC5,TRUE,TRUE,FALSE,TRUE
73,1k,fast,1000,CC5,5,MRSA,PVL*,304,CC5,CC5,TRUE,TRUE,TRUE,TRUE
73,1k,fast,2000,CC5,225,MRSA,PVL*,251,CC5,CC5,TRUE,TRUE,FALSE,TRUE
73,1k,fast,2917,CC5,228,MRSA,PVL*,200,CC5,CC5,TRUE,TRUE,FALSE,TRUE
73,1k,hac,1000,CC5,225,MRSA,PVL*,400,CC5,CC5,TRUE,TRUE,FALSE,TRUE
73,1k,hac,2000,CC5,225,MRSA,PVL*,322,CC5,CC5,TRUE,TRUE,FALSE,TRUE
73,1k,hac,3000,CC5,225,MRSA,PVL*,257,CC5,CC5,TRUE,TRUE,FALSE,TRUE
73,1k,sup,1000,CC5,225,MRSA,PVL*,418,CC5,CC5,TRUE,TRUE,FALSE,TRUE
73,1k,sup,2000,CC5,225,MRSA,PVL*,353,CC5,CC5,TRUE,TRUE,FALSE,TRUE
73,1k,sup,2759,CC5,225,MRSA,PVL*,316,CC5,CC5,TRUE,TRUE,FALSE,TRUE
73,10k,fast,1000,CC5,5,MRSA,PVL*,2857,CC5,CC5,TRUE,TRUE,TRUE,TRUE
73,10k,fast,2000,CC5,5,MSSA,PVL*,2226,CC5,CC5,TRUE,TRUE,TRUE,TRUE
73,10k,fast,2917,CC5,225,MRSA,PVL*,1852,CC5,CC5,TRUE,TRUE,FALSE,TRUE
73,10k,hac,1000,CC5,225,MRSA,PVL*,3593,CC5,CC5,TRUE,TRUE,FALSE,TRUE
73,10k,hac,2000,CC5,228,MRSA,PVL*,2903,CC5,CC5,TRUE,TRUE,FALSE,TRUE
73,10k,hac,3000,CC5,228,MRSA,PVL*,2336,CC5,CC5,TRUE,TRUE,FALSE,TRUE
73,10k,sup,1000,CC5,"125,228",MRSA,"PVL*,PVL-",3944,CC5,CC5,TRUE,TRUE,FALSE,TRUE
73,10k,sup,2000,CC5,225,MRSA,PVL*,3270,CC5,CC5,TRUE,TRUE,FALSE,TRUE
73,10k,sup,2759,CC5,228,MRSA,PVL*,2800,CC5,CC5,TRUE,TRUE,FALSE,TRUE
74,1k,fast,1000,CC45,45,MRSA,PVL-,316,CC45,CC45,TRUE,TRUE,TRUE,TRUE
74,1k,fast,2000,CC45,45,MRSA,PVL-,277,CC45,CC45,TRUE,TRUE,TRUE,TRUE
74,1k,fast,3000,CC45,45,MRSA,PVL-,241,CC45,CC45,TRUE,TRUE,TRUE,TRUE
74,1k,fast,4000,CC45,45,MRSA,PVL-,212,CC45,CC45,TRUE,TRUE,TRUE,TRUE
74,1k,fast,5000,CC45,45,MRSA,PVL-,188,CC45,CC45,TRUE,TRUE,TRUE,TRUE
74,1k,fast,6000,CC45,45,MRSA,PVL-,171,CC45,CC45,TRUE,TRUE,TRUE,TRUE
74,1k,fast,7000,CC45,45,MRSA,PVL-,147,CC45,CC45,TRUE,TRUE,TRUE,TRUE
74,1k,fast,8000,CC45,45,MRSA,PVL-,131,CC45,CC45,TRUE,TRUE,TRUE,TRUE
74,1k,hac,1000,CC45,45,MRSA,PVL-,368,CC45,CC45,TRUE,TRUE,TRUE,TRUE
74,1k,hac,2000,CC45,45,MRSA,PVL-,360,CC45,CC45,TRUE,TRUE,TRUE,TRUE
74,1k,hac,3000,CC45,45,MRSA,PVL-,321,CC45,CC45,TRUE,TRUE,TRUE,TRUE
74,1k,hac,4000,CC45,45,MRSA,PVL-,285,CC45,CC45,TRUE,TRUE,TRUE,TRUE
74,1k,hac,5000,CC45,45,MRSA,PVL-,255,CC45,CC45,TRUE,TRUE,TRUE,TRUE
74,1k,hac,6000,CC45,45,MRSA,PVL-,236,CC45,CC45,TRUE,TRUE,TRUE,TRUE
74,1k,hac,7000,CC45,45,MRSA,PVL-,212,CC45,CC45,TRUE,TRUE,TRUE,TRUE
74,1k,hac,8000,CC45,45,MRSA,PVL-,199,CC45,CC45,TRUE,TRUE,TRUE,TRUE
74,1k,sup,1000,CC45,45,MRSA,PVL-,392,CC45,CC45,TRUE,TRUE,TRUE,TRUE
74,1k,sup,2000,CC45,45,MRSA,PVL-,396,CC45,CC45,TRUE,TRUE,TRUE,TRUE
74,1k,sup,3000,CC45,45,MRSA,PVL-,347,CC45,CC45,TRUE,TRUE,TRUE,TRUE
74,1k,sup,4000,CC45,45,MRSA,PVL-,318,CC45,CC45,TRUE,TRUE,TRUE,TRUE
74,1k,sup,5000,CC45,45,MRSA,PVL-,293,CC45,CC45,TRUE,TRUE,TRUE,TRUE
74,1k,sup,6000,CC45,45,MRSA,PVL-,266,CC45,CC45,TRUE,TRUE,TRUE,TRUE
74,1k,sup,7000,CC45,45,MRSA,PVL-,241,CC45,CC45,TRUE,TRUE,TRUE,TRUE
74,1k,sup,8000,CC45,45,MRSA,PVL-,224,CC45,CC45,TRUE,TRUE,TRUE,TRUE
74,10k,fast,1000,CC45,45,MRSA,PVL-,2872,CC45,CC45,TRUE,TRUE,TRUE,TRUE
74,10k,fast,2000,CC45,45,MRSA,PVL-,2510,CC45,CC45,TRUE,TRUE,TRUE,TRUE
74,10k,fast,3000,CC45,45,MRSA,PVL-,2142,CC45,CC45,TRUE,TRUE,TRUE,TRUE
74,10k,fast,4000,CC45,45,MRSA,PVL-,1850,CC45,CC45,TRUE,TRUE,TRUE,TRUE
74,10k,fast,5000,CC45,45,MRSA,PVL-,1657,CC45,CC45,TRUE,TRUE,TRUE,TRUE
74,10k,fast,6000,CC45,45,MRSA,PVL-,1480,CC45,CC45,TRUE,TRUE,TRUE,TRUE
74,10k,fast,7000,CC45,45,MRSA,PVL-,1340,CC45,CC45,TRUE,TRUE,TRUE,TRUE
74,10k,fast,8000,CC45,45,MRSA,PVL-,1238,CC45,CC45,TRUE,TRUE,TRUE,TRUE
74,10k,hac,1000,CC45,45,MSSA,PVL-,3432,CC45,CC45,TRUE,TRUE,TRUE,TRUE
74,10k,hac,2000,CC45,45,MRSA,PVL-,3303,CC45,CC45,TRUE,TRUE,TRUE,TRUE
74,10k,hac,3000,CC45,45,MRSA,PVL-,2917,CC45,CC45,TRUE,TRUE,TRUE,TRUE
74,10k,hac,4000,CC45,45,MRSA,PVL-,2542,CC45,CC45,TRUE,TRUE,TRUE,TRUE
74,10k,hac,5000,CC45,45,MRSA,PVL-,2279,CC45,CC45,TRUE,TRUE,TRUE,TRUE
74,10k,hac,6000,CC45,45,MRSA,PVL-,2090,CC45,CC45,TRUE,TRUE,TRUE,TRUE
74,10k,hac,7000,CC45,45,MRSA,PVL-,1891,CC45,CC45,TRUE,TRUE,TRUE,TRUE
74,10k,hac,8000,CC45,45,MRSA,PVL-,1724,CC45,CC45,TRUE,TRUE,TRUE,TRUE
74,10k,sup,1000,CC45,45,MSSA,PVL-,3683,CC45,CC45,TRUE,TRUE,TRUE,TRUE
74,10k,sup,2000,CC45,45,MRSA,PVL-,3632,CC45,CC45,TRUE,TRUE,TRUE,TRUE
74,10k,sup,3000,CC45,45,MRSA,PVL-,3241,CC45,CC45,TRUE,TRUE,TRUE,TRUE
74,10k,sup,4000,CC45,45,MRSA,PVL-,2905,CC45,CC45,TRUE,TRUE,TRUE,TRUE
74,10k,sup,5000,CC45,45,MRSA,PVL-,2629,CC45,CC45,TRUE,TRUE,TRUE,TRUE
74,10k,sup,6000,CC45,45,MRSA,PVL-,2400,CC45,CC45,TRUE,TRUE,TRUE,TRUE
74,10k,sup,7000,CC45,45,MRSA,PVL-,2207,CC45,CC45,TRUE,TRUE,TRUE,TRUE
74,10k,sup,8000,CC45,45,MRSA,PVL-,2042,CC45,CC45,TRUE,TRUE,TRUE,TRUE
81,1k,fast,1000,CC5,"5,4682","MSSA,MRSA","PVL*,PVL+",275,CC5,CC5,TRUE,TRUE,TRUE,TRUE
81,1k,fast,2000,CC5,225,MRSA,PVL*,237,CC5,CC5,TRUE,TRUE,FALSE,TRUE
81,1k,fast,3000,CC5,"5,228",MRSA,PVL*,182,CC5,CC5,TRUE,TRUE,TRUE,TRUE
81,1k,fast,4000,CC5,228,MRSA,PVL*,163,CC5,CC5,TRUE,TRUE,FALSE,TRUE
81,1k,fast,5000,CC5,"228,4682",MRSA,"PVL*,PVL+",142,CC5,CC5,TRUE,TRUE,FALSE,TRUE
81,1k,fast,6000,CC5,5,MSSA,PVL*,127,CC5,CC5,TRUE,TRUE,TRUE,TRUE
81,1k,fast,7000,CC5,4682,MRSA,PVL+,117,CC5,CC5,TRUE,TRUE,FALSE,TRUE
81,1k,fast,8000,CC5,5,MRSA,PVL*,107,CC5,CC5,TRUE,TRUE,TRUE,TRUE
81,1k,hac,1000,CC5,1178,MRSA,PVL*,367,CC5,CC5,TRUE,TRUE,FALSE,TRUE
81,1k,hac,2000,CC5,1178,MRSA,PVL*,305,CC5,CC5,TRUE,TRUE,FALSE,TRUE
81,1k,hac,3000,CC5,1178,MRSA,PVL*,250,CC5,CC5,TRUE,TRUE,FALSE,TRUE
81,1k,hac,4000,CC5,"5,225,1178",MRSA,PVL*,215,CC5,CC5,TRUE,TRUE,TRUE,TRUE
81,1k,hac,5000,CC5,228,MRSA,PVL*,187,CC5,CC5,TRUE,TRUE,FALSE,TRUE
81,1k,hac,6000,CC5,225,MRSA,PVL*,171,CC5,CC5,TRUE,TRUE,FALSE,TRUE
81,1k,hac,7000,CC5,228,MRSA,PVL*,158,CC5,CC5,TRUE,TRUE,FALSE,TRUE
81,1k,hac,8000,CC5,"125,228,4682",MRSA,"PVL*,PVL+",142,CC5,CC5,TRUE,TRUE,FALSE,TRUE
81,1k,sup,1000,CC5,1178,MRSA,PVL*,414,CC5,CC5,TRUE,TRUE,FALSE,TRUE
81,1k,sup,2000,CC5,5,MRSA,PVL+,354,CC5,CC5,TRUE,TRUE,TRUE,TRUE
81,1k,sup,3000,CC5,225,MRSA,PVL*,299,CC5,CC5,TRUE,TRUE,FALSE,TRUE
81,1k,sup,4000,CC5,225,MRSA,PVL*,262,CC5,CC5,TRUE,TRUE,FALSE,TRUE
81,1k,sup,5000,CC5,"5,1178",MRSA,PVL*,226,CC5,CC5,TRUE,TRUE,TRUE,TRUE
81,1k,sup,6000,CC5,225,MRSA,PVL*,205,CC5,CC5,TRUE,TRUE,FALSE,TRUE
81,1k,sup,7000,CC5,228,MRSA,PVL*,186,CC5,CC5,TRUE,TRUE,FALSE,TRUE
81,1k,sup,8000,CC5,"225,228",MRSA,PVL*,171,CC5,CC5,TRUE,TRUE,FALSE,TRUE
81,10k,fast,1000,CC5,5,MRSA,PVL+,2763,CC5,CC5,TRUE,TRUE,TRUE,TRUE
81,10k,fast,2000,CC5,5,MRSA,PVL+,2270,CC5,CC5,TRUE,TRUE,TRUE,TRUE
81,10k,fast,3000,CC5,5,MRSA,PVL+,1819,CC5,CC5,TRUE,TRUE,TRUE,TRUE
81,10k,fast,4000,CC5,5,MRSA,PVL+,1511,CC5,CC5,TRUE,TRUE,TRUE,TRUE
81,10k,fast,5000,CC5,5,MRSA,PVL+,1310,CC5,CC5,TRUE,TRUE,TRUE,TRUE
81,10k,fast,6000,CC5,5,MRSA,PVL*,1171,CC5,CC5,TRUE,TRUE,TRUE,TRUE
81,10k,fast,7000,CC5,225,MRSA,PVL*,1053,CC5,CC5,TRUE,TRUE,FALSE,TRUE
81,10k,fast,8000,CC5,225,MRSA,PVL*,978,CC5,CC5,TRUE,TRUE,FALSE,TRUE
81,10k,hac,1000,CC5,4682,MRSA,PVL+,3441,CC5,CC5,TRUE,TRUE,FALSE,TRUE
81,10k,hac,2000,CC5,5,MRSA,PVL+,2889,CC5,CC5,TRUE,TRUE,TRUE,TRUE
81,10k,hac,3000,CC5,5,MRSA,PVL+,2396,CC5,CC5,TRUE,TRUE,TRUE,TRUE
81,10k,hac,4000,CC5,5,MRSA,PVL+,2060,CC5,CC5,TRUE,TRUE,TRUE,TRUE
81,10k,hac,5000,CC5,5,MRSA,PVL+,1781,CC5,CC5,TRUE,TRUE,TRUE,TRUE
81,10k,hac,6000,CC5,5,MRSA,PVL+,1565,CC5,CC5,TRUE,TRUE,TRUE,TRUE
81,10k,hac,7000,CC5,5,MRSA,PVL+,1417,CC5,CC5,TRUE,TRUE,TRUE,TRUE
81,10k,hac,8000,CC5,5,MRSA,"PVL*,PVL+",1290,CC5,CC5,TRUE,TRUE,TRUE,TRUE
81,10k,sup,1000,CC5,5,MRSA,PVL+,3903,CC5,CC5,TRUE,TRUE,TRUE,TRUE
81,10k,sup,2000,CC5,5,MRSA,PVL+,3300,CC5,CC5,TRUE,TRUE,TRUE,TRUE
81,10k,sup,3000,CC5,5,MRSA,PVL+,2792,CC5,CC5,TRUE,TRUE,TRUE,TRUE
81,10k,sup,4000,CC5,5,MRSA,PVL+,2435,CC5,CC5,TRUE,TRUE,TRUE,TRUE
81,10k,sup,5000,CC5,5,MRSA,PVL+,2158,CC5,CC5,TRUE,TRUE,TRUE,TRUE
81,10k,sup,6000,CC5,5,MRSA,PVL+,1942,CC5,CC5,TRUE,TRUE,TRUE,TRUE
81,10k,sup,7000,CC5,5,MRSA,PVL+,1755,CC5,CC5,TRUE,TRUE,TRUE,TRUE
81,10k,sup,8000,CC5,5,MRSA,PVL+,1594,CC5,CC5,TRUE,TRUE,TRUE,TRUE
82,1k,fast,1000,CC93,93,MRSA,PVL+,285,CC93,CC93,TRUE,TRUE,TRUE,TRUE
82,1k,fast,2000,CC93,93,MSSA,PVL+,223,CC93,CC93,TRUE,TRUE,TRUE,TRUE
82,1k,fast,3000,CC93,93,MRSA,PVL+,183,CC93,CC93,TRUE,TRUE,TRUE,TRUE
82,1k,fast,4000,CC93,93,MRSA,PVL+,145,CC93,CC93,TRUE,TRUE,TRUE,TRUE
82,1k,fast,5000,CC93,93,MRSA,PVL+,124,CC93,CC93,TRUE,TRUE,TRUE,TRUE
82,1k,fast,6000,CC93,93,MRSA,PVL+,107,CC93,CC93,TRUE,TRUE,TRUE,TRUE
82,1k,fast,7000,CC93,93,MRSA,PVL+,98,CC93,CC93,TRUE,TRUE,TRUE,TRUE
82,1k,fast,8000,CC93,93,MRSA,PVL+,88,CC93,CC93,TRUE,TRUE,TRUE,TRUE
82,1k,hac,1000,CC93,93,MRSA,PVL+,358,CC93,CC93,TRUE,TRUE,TRUE,TRUE
82,1k,hac,2000,CC93,93,MRSA,PVL+,294,CC93,CC93,TRUE,TRUE,TRUE,TRUE
82,1k,hac,3000,CC93,93,MSSA,PVL+,243,CC93,CC93,TRUE,TRUE,TRUE,TRUE
82,1k,hac,4000,CC93,93,MRSA,PVL+,199,CC93,CC93,TRUE,TRUE,TRUE,TRUE
82,1k,hac,5000,CC93,93,MRSA,PVL+,174,CC93,CC93,TRUE,TRUE,TRUE,TRUE
82,1k,hac,6000,CC93,93,MRSA,PVL+,158,CC93,CC93,TRUE,TRUE,TRUE,TRUE
82,1k,hac,7000,CC93,93,MRSA,PVL+,142,CC93,CC93,TRUE,TRUE,TRUE,TRUE
82,1k,hac,8000,CC93,93,MRSA,PVL+,129,CC93,CC93,TRUE,TRUE,TRUE,TRUE
82,1k,sup,1000,CC93,93,MRSA,PVL+,405,CC93,CC93,TRUE,TRUE,TRUE,TRUE
82,1k,sup,2000,CC93,93,MRSA,PVL+,353,CC93,CC93,TRUE,TRUE,TRUE,TRUE
82,1k,sup,3000,CC93,93,"MRSA,MSSA",PVL+,292,CC93,CC93,TRUE,TRUE,TRUE,TRUE
82,1k,sup,4000,CC93,93,"MRSA,MSSA",PVL+,244,CC93,CC93,TRUE,TRUE,TRUE,TRUE
82,1k,sup,5000,CC93,93,MSSA,PVL+,212,CC93,CC93,TRUE,TRUE,TRUE,TRUE
82,1k,sup,6000,CC93,93,MRSA,PVL+,192,CC93,CC93,TRUE,TRUE,TRUE,TRUE
82,1k,sup,7000,CC93,93,MRSA,PVL+,177,CC93,CC93,TRUE,TRUE,TRUE,TRUE
82,1k,sup,8000,CC93,93,MRSA,PVL+,165,CC93,CC93,TRUE,TRUE,TRUE,TRUE
82,10k,fast,1000,CC93,93,MRSA,PVL+,2824,CC93,CC93,TRUE,TRUE,TRUE,TRUE
82,10k,fast,2000,CC93,93,MRSA,PVL+,2183,CC93,CC93,TRUE,TRUE,TRUE,TRUE
82,10k,fast,3000,CC93,93,MRSA,PVL+,1760,CC93,CC93,TRUE,TRUE,TRUE,TRUE
82,10k,fast,4000,CC93,93,MRSA,PVL+,1437,CC93,CC93,TRUE,TRUE,TRUE,TRUE
82,10k,fast,5000,CC93,93,MRSA,PVL+,1265,CC93,CC93,TRUE,TRUE,TRUE,TRUE
82,10k,fast,6000,CC93,93,MRSA,PVL+,1112,CC93,CC93,TRUE,TRUE,TRUE,TRUE
82,10k,fast,7000,CC93,93,MRSA,PVL+,1003,CC93,CC93,TRUE,TRUE,TRUE,TRUE
82,10k,fast,8000,CC93,93,MRSA,PVL+,920,CC93,CC93,TRUE,TRUE,TRUE,TRUE
82,10k,hac,1000,CC93,93,MRSA,PVL+,3555,CC93,CC93,TRUE,TRUE,TRUE,TRUE
82,10k,hac,2000,CC93,93,MRSA,PVL+,2858,CC93,CC93,TRUE,TRUE,TRUE,TRUE
82,10k,hac,3000,CC93,93,MRSA,PVL+,2367,CC93,CC93,TRUE,TRUE,TRUE,TRUE
82,10k,hac,4000,CC93,93,MRSA,PVL+,1971,CC93,CC93,TRUE,TRUE,TRUE,TRUE
82,10k,hac,5000,CC93,93,MRSA,PVL+,1684,CC93,CC93,TRUE,TRUE,TRUE,TRUE
82,10k,hac,6000,CC93,93,MRSA,PVL+,1501,CC93,CC93,TRUE,TRUE,TRUE,TRUE
82,10k,hac,7000,CC93,93,MRSA,PVL+,1383,CC93,CC93,TRUE,TRUE,TRUE,TRUE
82,10k,hac,8000,CC93,93,MRSA,PVL+,1293,CC93,CC93,TRUE,TRUE,TRUE,TRUE
82,10k,sup,1000,CC93,93,MRSA,PVL+,3962,CC93,CC93,TRUE,TRUE,TRUE,TRUE
82,10k,sup,2000,CC93,93,MRSA,PVL+,3267,CC93,CC93,TRUE,TRUE,TRUE,TRUE
82,10k,sup,3000,CC93,93,MRSA,PVL+,2783,CC93,CC93,TRUE,TRUE,TRUE,TRUE
82,10k,sup,4000,CC93,93,MRSA,PVL+,2340,CC93,CC93,TRUE,TRUE,TRUE,TRUE
82,10k,sup,5000,CC93,93,MRSA,PVL+,2031,CC93,CC93,TRUE,TRUE,TRUE,TRUE
82,10k,sup,6000,CC93,93,MRSA,PVL+,1844,CC93,CC93,TRUE,TRUE,TRUE,TRUE
82,10k,sup,7000,CC93,93,MRSA,PVL+,1675,CC93,CC93,TRUE,TRUE,TRUE,TRUE
82,10k,sup,8000,CC93,93,MRSA,PVL+,1529,CC93,CC93,TRUE,TRUE,TRUE,TRUE
89,1k,fast,1000,CC5,225,MRSA,PVL*,310,CC5,CC5,TRUE,TRUE,FALSE,TRUE
89,1k,fast,2000,CC5,225,MRSA,PVL*,250,CC5,CC5,TRUE,TRUE,FALSE,TRUE
89,1k,fast,3000,CC5,225,MRSA,PVL*,202,CC5,CC5,TRUE,TRUE,FALSE,TRUE
89,1k,fast,5000,CC5,228,MRSA,PVL*,146,CC5,CC5,TRUE,TRUE,FALSE,TRUE
89,1k,fast,6000,CC5,5,MSSA,PVL*,130,CC5,CC5,TRUE,TRUE,TRUE,TRUE
89,1k,fast,7000,CC5,5,MSSA,PVL*,119,CC5,CC5,TRUE,TRUE,TRUE,TRUE
89,1k,fast,8000,CC5,5,MRSA,PVL*,110,CC5,CC5,TRUE,TRUE,TRUE,TRUE
89,1k,hac,1000,CC5,"225,1178",MRSA,PVL*,391,CC5,CC5,TRUE,TRUE,FALSE,TRUE
89,1k,hac,2000,CC5,1178,MRSA,PVL*,313,CC5,CC5,TRUE,TRUE,FALSE,TRUE
89,1k,hac,3000,CC5,225,MRSA,PVL*,260,CC5,CC5,TRUE,TRUE,FALSE,TRUE
89,1k,hac,4000,CC5,225,MRSA,PVL*,222,CC5,CC5,TRUE,TRUE,FALSE,TRUE
89,1k,hac,6000,CC5,228,MRSA,PVL*,172,CC5,CC5,TRUE,TRUE,FALSE,TRUE
89,1k,hac,7000,CC5,228,MRSA,PVL*,162,CC5,CC5,TRUE,TRUE,FALSE,TRUE
89,1k,hac,8000,CC5,228,MRSA,PVL*,149,CC5,CC5,TRUE,TRUE,FALSE,TRUE
89,1k,sup,1000,CC5,225,MRSA,PVL*,426,CC5,CC5,TRUE,TRUE,FALSE,TRUE
89,1k,sup,2000,CC5,1178,MRSA,PVL*,341,CC5,CC5,TRUE,TRUE,FALSE,TRUE
89,1k,sup,3000,CC5,225,MRSA,PVL*,298,CC5,CC5,TRUE,TRUE,FALSE,TRUE
89,1k,sup,4000,CC5,225,MRSA,PVL*,265,CC5,CC5,TRUE,TRUE,FALSE,TRUE
89,1k,sup,5000,CC5,225,MRSA,PVL*,229,CC5,CC5,TRUE,TRUE,FALSE,TRUE
89,1k,sup,7000,CC5,"5,228","MSSA,MRSA",PVL*,190,CC5,CC5,TRUE,TRUE,TRUE,TRUE
89,1k,sup,8000,CC5,228,MRSA,PVL*,176,CC5,CC5,TRUE,TRUE,FALSE,TRUE
89,10k,fast,1000,CC5,5,MRSA,PVL*,2826,CC5,CC5,TRUE,TRUE,TRUE,TRUE
89,10k,fast,2000,CC5,5,MRSA,PVL*,2186,CC5,CC5,TRUE,TRUE,TRUE,TRUE
89,10k,fast,3000,CC5,225,MRSA,PVL*,1834,CC5,CC5,TRUE,TRUE,FALSE,TRUE
89,10k,fast,4000,CC5,225,MRSA,PVL*,1526,CC5,CC5,TRUE,TRUE,FALSE,TRUE
89,10k,fast,5000,CC5,"5,225",MRSA,PVL*,1325,CC5,CC5,TRUE,TRUE,TRUE,TRUE
89,10k,fast,6000,CC5,225,MRSA,PVL*,1190,CC5,CC5,TRUE,TRUE,FALSE,TRUE
89,10k,fast,7000,CC5,225,MRSA,PVL*,1101,CC5,CC5,TRUE,TRUE,FALSE,TRUE
89,10k,fast,8000,CC5,225,MRSA,PVL*,991,CC5,CC5,TRUE,TRUE,FALSE,TRUE
89,10k,hac,1000,CC5,225,MRSA,PVL*,3540,CC5,CC5,TRUE,TRUE,FALSE,TRUE
89,10k,hac,2000,CC5,225,MRSA,PVL*,2836,CC5,CC5,TRUE,TRUE,FALSE,TRUE
89,10k,hac,3000,CC5,225,MRSA,PVL*,2346,CC5,CC5,TRUE,TRUE,FALSE,TRUE
89,10k,hac,4000,CC5,225,MRSA,PVL*,2045,CC5,CC5,TRUE,TRUE,FALSE,TRUE
89,10k,hac,5000,CC5,225,MRSA,PVL*,1778,CC5,CC5,TRUE,TRUE,FALSE,TRUE
89,10k,hac,6000,CC5,225,MRSA,PVL*,1591,CC5,CC5,TRUE,TRUE,FALSE,TRUE
89,10k,hac,7000,CC5,225,MRSA,PVL*,1449,CC5,CC5,TRUE,TRUE,FALSE,TRUE
89,10k,hac,8000,CC5,5,MRSA,PVL*,1321,CC5,CC5,TRUE,TRUE,TRUE,TRUE
89,10k,sup,1000,CC5,225,MRSA,PVL*,3990,CC5,CC5,TRUE,TRUE,FALSE,TRUE
89,10k,sup,2000,CC5,5,MRSA,PVL*,3230,CC5,CC5,TRUE,TRUE,TRUE,TRUE
89,10k,sup,3000,CC5,5,MRSA,PVL*,2752,CC5,CC5,TRUE,TRUE,TRUE,TRUE
89,10k,sup,4000,CC5,225,MRSA,PVL*,2394,CC5,CC5,TRUE,TRUE,FALSE,TRUE
89,10k,sup,5000,CC5,225,MRSA,PVL*,2152,CC5,CC5,TRUE,TRUE,FALSE,TRUE
89,10k,sup,6000,CC5,225,MRSA,PVL*,1964,CC5,CC5,TRUE,TRUE,FALSE,TRUE
89,10k,sup,7000,CC5,225,MRSA,PVL*,1821,CC5,CC5,TRUE,TRUE,FALSE,TRUE
89,10k,sup,8000,CC5,225,MRSA,PVL*,1628,CC5,CC5,TRUE,TRUE,FALSE,TRUE
89,1k,fast,4000,CC5,225,MRSA,PVL*,170,CC5,CC5,TRUE,TRUE,FALSE,TRUE
89,1k,sup,6000,CC5,225,MRSA,PVL*,205,CC5,CC5,TRUE,TRUE,FALSE,TRUE
89,1k,hac,5000,CC5,228,MRSA,PVL*,191,CC5,CC5,TRUE,TRUE,FALSE,TRUE
90,1k,fast,1000,CC1,1,MSSA,PVL*,293,CC1,CC1,TRUE,TRUE,TRUE,TRUE
90,1k,fast,2000,CC1,3,MSSA,PVL*,235,CC1,CC1,TRUE,TRUE,FALSE,TRUE
90,1k,fast,3000,CC1,1,MRSA,PVL+,194,CC1,CC1,TRUE,TRUE,TRUE,TRUE
90,1k,fast,4000,CC1,1,MSSA,PVL*,168,CC1,CC1,TRUE,TRUE,TRUE,TRUE
90,1k,fast,5000,CC1,1,MSSA,PVL*,132,CC1,CC1,TRUE,TRUE,TRUE,TRUE
90,1k,fast,6000,CC1,1,MSSA,PVL*,118,CC1,CC1,TRUE,TRUE,TRUE,TRUE
90,1k,fast,7000,CC1,1,"MRSA,MSSA",PVL*,108,CC1,CC1,TRUE,TRUE,TRUE,TRUE
90,1k,fast,8000,CC1,1,"MRSA,MSSA",PVL*,96,CC1,CC1,TRUE,TRUE,TRUE,TRUE
90,1k,hac,1000,CC1,1,"MRSA,MSSA",PVL*,356,CC1,CC1,TRUE,TRUE,TRUE,TRUE
90,1k,hac,2000,CC1,1,"MRSA,MSSA",PVL*,304,CC1,CC1,TRUE,TRUE,TRUE,TRUE
90,1k,hac,3000,CC1,1,MRSA,PVL*,262,CC1,CC1,TRUE,TRUE,TRUE,TRUE
90,1k,hac,4000,CC1,"1,3",MSSA,PVL*,221,CC1,CC1,TRUE,TRUE,TRUE,TRUE
90,1k,hac,5000,CC1,1,MSSA,PVL*,191,CC1,CC1,TRUE,TRUE,TRUE,TRUE
90,1k,hac,6000,CC1,1,MSSA,PVL*,175,CC1,CC1,TRUE,TRUE,TRUE,TRUE
90,1k,hac,7000,CC1,1,MRSA,PVL*,151,CC1,CC1,TRUE,TRUE,TRUE,TRUE
90,1k,hac,8000,CC1,1,MSSA,PVL*,138,CC1,CC1,TRUE,TRUE,TRUE,TRUE
90,1k,sup,1000,CC1,1,MSSA,PVL*,390,CC1,CC1,TRUE,TRUE,TRUE,TRUE
90,1k,sup,2000,CC1,1,MRSA,PVL*,335,CC1,CC1,TRUE,TRUE,TRUE,TRUE
90,1k,sup,3000,CC1,1,"MRSA,MSSA",PVL*,293,CC1,CC1,TRUE,TRUE,TRUE,TRUE
90,1k,sup,4000,CC1,1,MRSA,PVL+,250,CC1,CC1,TRUE,TRUE,TRUE,TRUE
90,1k,sup,5000,CC1,"1,3",MSSA,PVL*,210,CC1,CC1,TRUE,TRUE,TRUE,TRUE
90,1k,sup,6000,CC1,1,MSSA,PVL*,198,CC1,CC1,TRUE,TRUE,TRUE,TRUE
90,1k,sup,7000,CC1,1,MSSA,PVL*,187,CC1,CC1,TRUE,TRUE,TRUE,TRUE
90,1k,sup,8000,CC1,1,MSSA,PVL*,173,CC1,CC1,TRUE,TRUE,TRUE,TRUE
90,10k,fast,1000,CC1,1,MRSA,PVL*,2736,CC1,CC1,TRUE,TRUE,TRUE,TRUE
90,10k,fast,2000,CC1,1,MSSA,PVL*,2115,CC1,CC1,TRUE,TRUE,TRUE,TRUE
90,10k,fast,3000,CC1,1,MSSA,PVL*,1753,CC1,CC1,TRUE,TRUE,TRUE,TRUE
90,10k,fast,4000,CC1,1,MSSA,PVL+,1464,CC1,CC1,TRUE,TRUE,TRUE,TRUE
90,10k,fast,5000,CC1,1,MSSA,"PVL*,PVL+",1221,CC1,CC1,TRUE,TRUE,TRUE,TRUE
90,10k,fast,6000,CC1,474,MSSA,PVL*,1104,CC1,CC1,TRUE,TRUE,FALSE,TRUE
90,10k,fast,7000,CC1,1,MSSA,PVL*,1001,CC1,CC1,TRUE,TRUE,TRUE,TRUE
90,10k,fast,8000,CC1,1,"MRSA,MSSA",PVL*,914,CC1,CC1,TRUE,TRUE,TRUE,TRUE
90,10k,hac,1000,CC1,1,MRSA,PVL*,3377,CC1,CC1,TRUE,TRUE,TRUE,TRUE
90,10k,hac,2000,CC1,1,MRSA,PVL+,2724,CC1,CC1,TRUE,TRUE,TRUE,TRUE
90,10k,hac,3000,CC1,1,"MRSA,MSSA",PVL*,2317,CC1,CC1,TRUE,TRUE,TRUE,TRUE
90,10k,hac,4000,CC1,1,MSSA,PVL*,2004,CC1,CC1,TRUE,TRUE,TRUE,TRUE
90,10k,hac,5000,CC1,1,"MRSA,MSSA",PVL*,1721,CC1,CC1,TRUE,TRUE,TRUE,TRUE
90,10k,hac,6000,CC1,1,"MRSA,MSSA",PVL*,1523,CC1,CC1,TRUE,TRUE,TRUE,TRUE
90,10k,hac,7000,CC1,1,MSSA,PVL+,1365,CC1,CC1,TRUE,TRUE,TRUE,TRUE
90,10k,hac,8000,CC1,1,MSSA,"PVL*,PVL+",1251,CC1,CC1,TRUE,TRUE,TRUE,TRUE
90,10k,sup,1000,CC1,1,MRSA,PVL*,3833,CC1,CC1,TRUE,TRUE,TRUE,TRUE
90,10k,sup,2000,CC1,1,MRSA,PVL*,3131,CC1,CC1,TRUE,TRUE,TRUE,TRUE
90,10k,sup,3000,CC1,1,MRSA,PVL+,2689,CC1,CC1,TRUE,TRUE,TRUE,TRUE
90,10k,sup,4000,CC1,1,"MRSA,MSSA",PVL*,2321,CC1,CC1,TRUE,TRUE,TRUE,TRUE
90,10k,sup,5000,CC1,1,MSSA,PVL*,2024,CC1,CC1,TRUE,TRUE,TRUE,TRUE
90,10k,sup,6000,CC1,1,MSSA,PVL*,1832,CC1,CC1,TRUE,TRUE,TRUE,TRUE
90,10k,sup,7000,CC1,1,MRSA,PVL*,1675,CC1,CC1,TRUE,TRUE,TRUE,TRUE
90,10k,sup,8000,CC1,1,MRSA,PVL*,1523,CC1,CC1,TRUE,TRUE,TRUE,TRUE
